{"104:1-9_107": [{"answer": ". نار الله الموقده", "rank": 1, "score": 0.02960568107664585}, {"answer": ". وما ادراك ما", "rank": 2, "score": 0.027785547077655792}, {"answer": "ما", "rank": 3, "score": 0.02527952939271927}, {"answer": ". وما ادراك", "rank": 4, "score": 0.02418021857738495}, {"answer": "وما ادراك ما", "rank": 5, "score": 0.023448612540960312}], "109:1-6_417": [{"answer": "قل يا ايها الكافرون", "rank": 1, "score": 0.042776260524988174}, {"answer": "قل يا ايها الكافرون", "rank": 2, "score": 0.02444959059357643}, {"answer": ". لكم دينكم ولي دين", "rank": 3, "score": 0.01402815617620945}, {"answer": "قل يا ايها", "rank": 4, "score": 0.008942249231040478}, {"answer": "لكم دينكم ولي دين", "rank": 5, "score": 0.005569382105022669}], "10:107-109_417": [{"answer": "فمن اهتدي فانما يهتدي لنفسه ومن ضل فانما يضل عليها", "rank": 1, "score": 0.026814166456460953}, {"answer": "قل يا ايها الناس قد جاءكم الحق من ربكم", "rank": 2, "score": 0.018319224938750267}, {"answer": "قل يا ايها الناس", "rank": 3, "score": 0.008486084640026093}, {"answer": "ربكم فمن اهتدي فانما يهتدي لنفسه", "rank": 4, "score": 0.008342479355633259}, {"answer": "عليها", "rank": 5, "score": 0.006942209787666798}], "10:65-70_149": [{"answer": "اتخذ الله ولدا", "rank": 1, "score": 0.08075936138629913}, {"answer": "قالوا اتخذ الله ولدا", "rank": 2, "score": 0.08051496744155884}, {"answer": "ولدا", "rank": 3, "score": 0.04348183423280716}, {"answer": ". قالوا اتخذ الله ولدا", "rank": 4, "score": 0.04201573133468628}, {"answer": "اتخذ الله ولدا سبحانه هو الغني", "rank": 5, "score": 0.030936742201447487}], "17:12-17_417": [{"answer": "وكل انسان الزمناه طائره في عنقه", "rank": 1, "score": 0.1785655915737152}, {"answer": ". وكل انسان الزمناه طائره في عنقه", "rank": 2, "score": 0.03924022987484932}, {"answer": "من اهتدي فانما يهتدي لنفسه ومن ضل فانما يضل عليها", "rank": 3, "score": 0.014605605974793434}, {"answer": "عنقه", "rank": 4, "score": 0.00718420185148716}, {"answer": ". من اهتدي فانما يهتدي لنفسه", "rank": 5, "score": 0.006508080754429102}], "17:22-30_313": [{"answer": "وبالوالدين احسانا", "rank": 1, "score": 0.13318051397800446}, {"answer": "الا تعبدوا الا اياه وبالوالدين احسانا", "rank": 2, "score": 0.0765356793999672}, {"answer": "وبالوالدين احسانا", "rank": 3, "score": 0.07591336220502853}, {"answer": ". وقضي ربك الا تعبدوا الا اياه وبالوالدين احسانا", "rank": 4, "score": 0.07346596568822861}, {"answer": "الا تعبدوا الا اياه وبالوالدين احسانا", "rank": 5, "score": 0.0436256043612957}], "17:31-35_400": [{"answer": ". ولا تقتلوا النفس التي حرم الله الا بالحق", "rank": 1, "score": 0.06448374688625336}, {"answer": "بالحق", "rank": 2, "score": 0.027547910809516907}, {"answer": ". ولا تقربوا مال اليتيم الا بالتي هي احسن حتي يبلغ اشده", "rank": 3, "score": 0.025053653866052628}, {"answer": "ولا تقتلوا النفس التي حرم الله الا بالحق", "rank": 4, "score": 0.013291669078171253}, {"answer": "مال اليتيم الا بالتي هي احسن حتي يبلغ اشده", "rank": 5, "score": 0.012414948083460331}], "18:29-31_313": [{"answer": "فمن شاء فليؤمن ومن شاء فليكفر", "rank": 1, "score": 0.4188595116138458}, {"answer": "فمن شاء فليؤمن ومن شاء فليكفر", "rank": 2, "score": 0.04319830983877182}, {"answer": "فمن شاء فليؤمن ومن شاء فليكفر", "rank": 3, "score": 0.005408802535384893}, {"answer": "فمن شاء فليؤمن", "rank": 4, "score": 0.005283638834953308}, {"answer": "ربكم فمن شاء فليؤمن ومن شاء فليكفر", "rank": 5, "score": 0.005181705579161644}], "18:29-31_417": [{"answer": "فمن شاء فليؤمن ومن شاء فليكفر", "rank": 1, "score": 0.7551646828651428}, {"answer": "فمن شاء فليؤمن ومن شاء فليكفر", "rank": 2, "score": 0.06438105553388596}, {"answer": "فمن شاء فليؤمن", "rank": 3, "score": 0.03178153187036514}, {"answer": "ربكم فمن شاء فليؤمن ومن شاء فليكفر", "rank": 4, "score": 0.02059917524456978}, {"answer": "وقل الحق من ربكم فمن شاء فليؤمن ومن شاء فليكفر", "rank": 5, "score": 0.01704748161137104}], "20:115-123_257": [{"answer": "وعصي ادم ربه فغوي", "rank": 1, "score": 0.010252196341753006}, {"answer": "ان هذا عدو لك ولزوجك فلا يخرجنكما من الجنه فتشقي", "rank": 2, "score": 0.009764952585101128}, {"answer": "واذ قلنا للملائكه اسجدوا لادم فسجدوا الا ابليس", "rank": 3, "score": 0.008130471222102642}, {"answer": "للملائكه اسجدوا لادم فسجدوا الا ابليس ابي", "rank": 4, "score": 0.005088284146040678}, {"answer": "فغوي", "rank": 5, "score": 0.004928307607769966}], "20:86-94_163": [{"answer": "السامري", "rank": 1, "score": 0.10976605117321014}, {"answer": "ولكنا حملنا اوزارا من زينه القوم فقذفناها", "rank": 2, "score": 0.033606696873903275}, {"answer": "السامري", "rank": 3, "score": 0.027899017557501793}, {"answer": "حملنا اوزارا من زينه القوم فقذفناها", "rank": 4, "score": 0.027876684442162514}, {"answer": "ولكنا حملنا اوزارا من زينه القوم فقذفناها", "rank": 5, "score": 0.023769216611981392}], "20:95-98_163": [{"answer": "عاكفا لنحرقنه ثم لننسفنه في اليم نسفا", "rank": 1, "score": 0.024417748674750328}, {"answer": "لنحرقنه ثم لننسفنه في اليم نسفا", "rank": 2, "score": 0.024390235543251038}, {"answer": "قال فما خطبك يا سامري", "rank": 3, "score": 0.017606375738978386}, {"answer": "عاكفا لنحرقنه ثم لننسفنه في اليم نسفا", "rank": 4, "score": 0.011602957732975483}, {"answer": "عاكفا لنحرقنه ثم لننسفنه في اليم", "rank": 5, "score": 0.006744192913174629}], "22:30-37_313": [{"answer": "تشكرون", "rank": 1, "score": 0.05375335365533829}, {"answer": "تشكرون", "rank": 2, "score": 0.01674768142402172}, {"answer": "كذلك سخرناها لكم لعلكم تشكرون", "rank": 3, "score": 0.01114028599113226}, {"answer": "والمعتر كذلك سخرناها لكم لعلكم تشكرون", "rank": 4, "score": 0.00783009734004736}, {"answer": "والمعتر", "rank": 5, "score": 0.006027337163686752}], "24:30-31_348": [{"answer": "وليضربن بخمرهن علي جيوبهن", "rank": 1, "score": 0.24721010029315948}, {"answer": "وليضربن بخمرهن علي جيوبهن", "rank": 2, "score": 0.18676117062568665}, {"answer": "وليضربن بخمرهن", "rank": 3, "score": 0.06886079907417297}, {"answer": "وليضربن بخمرهن", "rank": 4, "score": 0.021254897117614746}, {"answer": "وليضربن بخمرهن علي", "rank": 5, "score": 0.015982570126652718}], "24:46-54_415": [{"answer": "قل اطيعوا الله واطيعوا الرسول", "rank": 1, "score": 0.015752321109175682}, {"answer": ". قل اطيعوا الله واطيعوا الرسول", "rank": 2, "score": 0.010509973391890526}, {"answer": "الرسول", "rank": 3, "score": 0.009481792338192463}, {"answer": "المفلحون", "rank": 4, "score": 0.004047515336424112}, {"answer": "اطيعوا الله واطيعوا الرسول", "rank": 5, "score": 0.0027025353629142046}], "24:55-57_415": [{"answer": ". واقيموا الصلاه واتوا الزكاه واطيعوا الرسول", "rank": 1, "score": 0.06653262674808502}, {"answer": "امنا", "rank": 2, "score": 0.03040318377315998}, {"answer": "امنا يعبدونني لا يشركون بي شيئا", "rank": 3, "score": 0.016464635729789734}, {"answer": "امنا", "rank": 4, "score": 0.008484942838549614}, {"answer": "الفاسقون . واقيموا الصلاه واتوا الزكاه واطيعوا الرسول", "rank": 5, "score": 0.008482054807245731}], "24:62-64_415": [{"answer": "انما المؤمنون الذين امنوا بالله ورسوله", "rank": 1, "score": 0.4238852560520172}, {"answer": "بالله ورسوله", "rank": 2, "score": 0.02896210364997387}, {"answer": "المؤمنون الذين امنوا بالله ورسوله", "rank": 3, "score": 0.010280998423695564}, {"answer": "ورسوله", "rank": 4, "score": 0.009799509309232235}, {"answer": "انما المؤمنون الذين امنوا بالله", "rank": 5, "score": 0.006894881837069988}], "25:45-55_304": [{"answer": "وجاهدهم به جهادا كبيرا", "rank": 1, "score": 0.24158120155334473}, {"answer": "الكافرين وجاهدهم به جهادا كبيرا", "rank": 2, "score": 0.11550061404705048}, {"answer": "وجاهدهم به جهادا كبيرا", "rank": 3, "score": 0.033547528088092804}, {"answer": "وجاهدهم به جهادا", "rank": 4, "score": 0.030211640521883965}, {"answer": "جهادا كبيرا", "rank": 5, "score": 0.027833614498376846}], "25:63-77_400": [{"answer": "ومن يفعل ذلك يلق اثاما", "rank": 1, "score": 0.038434434682130814}, {"answer": "ومن يفعل ذلك يلق اثاما", "rank": 2, "score": 0.029294276610016823}, {"answer": "ومن يفعل ذلك يلق اثاما .", "rank": 3, "score": 0.013944257982075214}, {"answer": "ذلك يلق اثاما", "rank": 4, "score": 0.01243795920163393}, {"answer": "ومن يفعل ذلك يلق اثاما . يضاعف له العذاب يوم القيامه", "rank": 5, "score": 0.012105572037398815}], "27:89-93_417": [{"answer": "القران فمن اهتدي فانما يهتدي لنفسه", "rank": 1, "score": 0.03791187331080437}, {"answer": "المسلمين . وان اتلو القران فمن اهتدي فانما يهتدي لنفسه", "rank": 2, "score": 0.017133129760622978}, {"answer": "فمن اهتدي فانما يهتدي لنفسه", "rank": 3, "score": 0.012716325931251049}, {"answer": "المسلمين", "rank": 4, "score": 0.011588998138904572}, {"answer": "المنذرين", "rank": 5, "score": 0.008726094849407673}], "29:61-69_313": [{"answer": "المحسنين", "rank": 1, "score": 0.018388980999588966}, {"answer": "سبلنا وان الله لمع المحسنين", "rank": 2, "score": 0.00800495594739914}, {"answer": "يعلمون", "rank": 3, "score": 0.007771067321300507}, {"answer": "لمع المحسنين", "rank": 4, "score": 0.006206713616847992}, {"answer": "للكافرين . والذين جاهدوا فينا لنهدينهم سبلنا وان الله لمع المحسنين", "rank": 5, "score": 0.006170798093080521}], "2:124-129_103": [{"answer": "يرفع ابراهيم القواعد من البيت", "rank": 1, "score": 0.013246806338429451}, {"answer": "ابراهيم القواعد من البيت", "rank": 2, "score": 0.012775951065123081}, {"answer": ". واذ يرفع ابراهيم القواعد من البيت", "rank": 3, "score": 0.008604454807937145}, {"answer": "يرفع ابراهيم", "rank": 4, "score": 0.005063106771558523}, {"answer": "ابراهيم", "rank": 5, "score": 0.004883139859884977}], "2:151-153_415": [{"answer": "كما ارسلنا فيكم رسولا منكم", "rank": 1, "score": 0.02822953276336193}, {"answer": "كما ارسلنا فيكم رسولا", "rank": 2, "score": 0.010405040346086025}, {"answer": ". فاذكروني اذكركم واشكروا لي ولا تكفرون", "rank": 3, "score": 0.008745307102799416}, {"answer": ". فاذكروني اذكركم واشكروا لي ولا تكفرون", "rank": 4, "score": 0.004328159149736166}, {"answer": "تعلمون . فاذكروني اذكركم واشكروا لي ولا تكفرون", "rank": 5, "score": 0.002907320624217391}], "2:178-179_313": [{"answer": "فمن عفي له من اخيه شيء فاتباع بالمعروف واداء اليه باحسان", "rank": 1, "score": 0.25876086950302124}, {"answer": "فاتباع بالمعروف واداء اليه باحسان", "rank": 2, "score": 0.08956994861364365}, {"answer": "فمن عفي له من اخيه شيء فاتباع بالمعروف", "rank": 3, "score": 0.08634953945875168}, {"answer": "فمن عفي له من اخيه شيء", "rank": 4, "score": 0.04407811537384987}, {"answer": "فمن عفي له من اخيه شيء فاتباع بالمعروف واداء اليه باحسان", "rank": 5, "score": 0.03255705162882805}], "2:178-179_400": [{"answer": "كتب عليكم القصاص في القتلي", "rank": 1, "score": 0.08932056277990341}, {"answer": "فمن عفي له من اخيه شيء فاتباع بالمعروف واداء اليه باحسان", "rank": 2, "score": 0.044510822743177414}, {"answer": "كتب عليكم القصاص في القتلي", "rank": 3, "score": 0.03837982192635536}, {"answer": "كتب عليكم القصاص في القتلي الحر بالحر والعبد بالعبد", "rank": 4, "score": 0.021986696869134903}, {"answer": "فمن عفي له من اخيه شيء", "rank": 5, "score": 0.02113288827240467}], "2:190-194_304": [{"answer": "وقاتلوا في سبيل الله", "rank": 1, "score": 0.17382846772670746}, {"answer": "وقاتلوا في سبيل الله الذين يقاتلونكم", "rank": 2, "score": 0.11213120818138123}, {"answer": "وقاتلوا في سبيل الله الذين يقاتلونكم ولا تعتدوا", "rank": 3, "score": 0.09973455965518951}, {"answer": "وقاتلوا في سبيل الله الذين يقاتلونكم", "rank": 4, "score": 0.09225689619779587}, {"answer": "وقاتلوا في سبيل الله", "rank": 5, "score": 0.06945381313562393}], "2:190-194_400": [{"answer": ". الشهر الحرام بالشهر الحرام", "rank": 1, "score": 0.11229382455348969}, {"answer": ". الشهر الحرام بالشهر الحرام والحرمات قصاص", "rank": 2, "score": 0.0983569324016571}, {"answer": ". الشهر الحرام بالشهر الحرام والحرمات", "rank": 3, "score": 0.059357404708862305}, {"answer": "فمن اعتدي عليكم فاعتدوا عليه بمثل ما اعتدي عليكم", "rank": 4, "score": 0.054094038903713226}, {"answer": ". الشهر الحرام بالشهر الحرام والحرمات", "rank": 5, "score": 0.03736257925629616}], "2:228-230_313": [{"answer": "ولهن مثل الذي عليهن بالمعروف", "rank": 1, "score": 0.11214477568864822}, {"answer": "مثل الذي عليهن بالمعروف", "rank": 2, "score": 0.04248705878853798}, {"answer": ". الطلاق مرتان فامساك بمعروف او تسريح باحسان", "rank": 3, "score": 0.036211129277944565}, {"answer": "الطلاق مرتان فامساك بمعروف او تسريح باحسان", "rank": 4, "score": 0.031661536544561386}, {"answer": "ولهن مثل الذي عليهن بالمعروف", "rank": 5, "score": 0.0218780729919672}], "2:233-233_132": [{"answer": "حولين كاملين", "rank": 1, "score": 0.9571852087974548}, {"answer": "حولين", "rank": 2, "score": 0.01250608079135418}, {"answer": "حولين", "rank": 3, "score": 0.010791758075356483}, {"answer": "كاملين", "rank": 4, "score": 0.0037098436150699854}, {"answer": "حولين كاملين", "rank": 5, "score": 0.002279996406286955}], "2:234-237_313": [{"answer": "ومتعوهن علي الموسع قدره وعلي المقتر قدره متاعا بالمعروف", "rank": 1, "score": 0.07185611128807068}, {"answer": "ومتعوهن علي الموسع قدره وعلي المقتر قدره متاعا بالمعروف حقا علي المحسنين", "rank": 2, "score": 0.06799697875976562}, {"answer": "ومتعوهن علي الموسع قدره وعلي المقتر قدره", "rank": 3, "score": 0.03979819640517235}, {"answer": "ومتعوهن علي الموسع قدره", "rank": 4, "score": 0.026906702667474747}, {"answer": "متاعا بالمعروف", "rank": 5, "score": 0.009660682640969753}], "2:243-245_400": [{"answer": "الموت فقال لهم الله موتوا ثم احياهم", "rank": 1, "score": 0.03848603367805481}, {"answer": "احياهم", "rank": 2, "score": 0.01669216714799404}, {"answer": "كثيره", "rank": 3, "score": 0.015661748126149178}, {"answer": "حذر الموت فقال لهم الله موتوا ثم احياهم", "rank": 4, "score": 0.012714424170553684}, {"answer": "الوف حذر الموت فقال لهم الله موتوا ثم احياهم", "rank": 5, "score": 0.011739412322640419}], "2:256-257_417": [{"answer": "لا اكراه في الدين", "rank": 1, "score": 0.0796002596616745}, {"answer": "لا اكراه في الدين قد تبين الرشد من الغي", "rank": 2, "score": 0.07749581336975098}, {"answer": "فمن يكفر بالطاغوت ويؤمن بالله", "rank": 3, "score": 0.02477465383708477}, {"answer": "النور", "rank": 4, "score": 0.012936796061694622}, {"answer": "الدين", "rank": 5, "score": 0.012623133137822151}], "2:34-39_257": [{"answer": "واذ قلنا للملائكه اسجدوا لادم فسجدوا الا ابليس", "rank": 1, "score": 0.02628946490585804}, {"answer": "واذ قلنا للملائكه اسجدوا لادم فسجدوا", "rank": 2, "score": 0.01681378483772278}, {"answer": "واذ قلنا للملائكه اسجدوا لادم", "rank": 3, "score": 0.014543247409164906}, {"answer": "واذ قلنا للملائكه اسجدوا لادم", "rank": 4, "score": 0.008885785937309265}, {"answer": "واذ قلنا للملائكه اسجدوا لادم فسجدوا", "rank": 5, "score": 0.008240179158747196}], "2:83-86_313": [{"answer": "وقولوا للناس حسنا واقيموا الصلاه واتوا الزكاه", "rank": 1, "score": 0.04530271887779236}, {"answer": "وقولوا للناس حسنا", "rank": 2, "score": 0.031947724521160126}, {"answer": "وقولوا للناس حسنا واقيموا الصلاه واتوا الزكاه", "rank": 3, "score": 0.026004470884799957}, {"answer": "لا تعبدون الا الله وبالوالدين احسانا", "rank": 4, "score": 0.02423701621592045}, {"answer": "وبالوالدين احسانا", "rank": 5, "score": 0.021901963278651237}], "31:12-19_132": [{"answer": "وفصاله في عامين", "rank": 1, "score": 0.16688913106918335}, {"answer": "وفصاله في عامين", "rank": 2, "score": 0.15747493505477905}, {"answer": "وفصاله في عامين", "rank": 3, "score": 0.09633044898509979}, {"answer": "في عامين", "rank": 4, "score": 0.06193314120173454}, {"answer": "وهن وفصاله في عامين", "rank": 5, "score": 0.028850367292761803}], "33:21-24_415": [{"answer": "لقد كان لكم في رسول الله اسوه حسنه", "rank": 1, "score": 0.01910722814500332}, {"answer": "لمن كان يرجو الله واليوم الاخر", "rank": 2, "score": 0.010399335995316505}, {"answer": "رسول الله اسوه حسنه لمن كان يرجو الله واليوم الاخر", "rank": 3, "score": 0.007473360747098923}, {"answer": "لقد كان لكم في رسول الله", "rank": 4, "score": 0.005431979428976774}, {"answer": "لمن كان يرجو الله واليوم الاخر وذكر الله كثيرا", "rank": 5, "score": 0.004072834737598896}], "33:25-27_400": [{"answer": ". وانزل الذين ظاهروهم من اهل الكتاب من صياصيهم", "rank": 1, "score": 0.09561517089605331}, {"answer": ". وانزل الذين ظاهروهم من اهل الكتاب من صياصيهم", "rank": 2, "score": 0.034797552973032}, {"answer": ". وانزل الذين ظاهروهم من اهل الكتاب من صياصيهم", "rank": 3, "score": 0.02804654836654663}, {"answer": "عزيزا . وانزل الذين ظاهروهم من اهل الكتاب من صياصيهم", "rank": 4, "score": 0.011918792501091957}, {"answer": "عزيزا . وانزل الذين ظاهروهم من اهل الكتاب من صياصيهم", "rank": 5, "score": 0.004337646532803774}], "33:28-31_313": [{"answer": "الله ورسوله والدار الاخره", "rank": 1, "score": 0.0605851411819458}, {"answer": "الله ورسوله والدار الاخره", "rank": 2, "score": 0.04977012053132057}, {"answer": "فان الله اعد للمحسنات منكن اجرا عظيما", "rank": 3, "score": 0.02346421591937542}, {"answer": "وان كنتن تردن الله ورسوله والدار الاخره", "rank": 4, "score": 0.01899617165327072}, {"answer": "الله ورسوله والدار", "rank": 5, "score": 0.01627262681722641}], "33:32-34_348": [{"answer": ". وقرن في بيوتكن ولا تبرجن تبرج الجاهليه الاولي", "rank": 1, "score": 0.18356050550937653}, {"answer": "وقرن في بيوتكن ولا تبرجن تبرج الجاهليه الاولي", "rank": 2, "score": 0.022428128868341446}, {"answer": "معروفا . وقرن في بيوتكن ولا تبرجن تبرج الجاهليه الاولي", "rank": 3, "score": 0.007929394021630287}, {"answer": ". وقرن في بيوتكن", "rank": 4, "score": 0.006850166246294975}, {"answer": ".", "rank": 5, "score": 0.00496732397004962}], "33:36-40_415": [{"answer": "ومن يعص الله ورسوله فقد ضل ضلالا مبينا", "rank": 1, "score": 0.01707819662988186}, {"answer": "وما كان لمؤمن ولا مؤمنه", "rank": 2, "score": 0.012976537458598614}, {"answer": "امرهم", "rank": 3, "score": 0.012470431625843048}, {"answer": "امرهم ومن يعص الله ورسوله فقد ضل ضلالا مبينا", "rank": 4, "score": 0.00833100825548172}, {"answer": "وما كان لمؤمن ولا مؤمنه", "rank": 5, "score": 0.005886947736144066}], "33:53-55_348": [{"answer": "واذا سالتموهن متاعا فاسالوهن من وراء حجاب", "rank": 1, "score": 0.4349692761898041}, {"answer": "واذا سالتموهن متاعا فاسالوهن من وراء", "rank": 2, "score": 0.07887011021375656}, {"answer": "فاسالوهن من وراء حجاب", "rank": 3, "score": 0.07318073511123657}, {"answer": "من وراء حجاب", "rank": 4, "score": 0.029564017429947853}, {"answer": "واذا سالتموهن متاعا فاسالوهن من وراء حجاب ذلكم", "rank": 5, "score": 0.0227743498980999}], "33:56-59_348": [{"answer": "يدنين عليهن من جلابيبهن", "rank": 1, "score": 0.02576424740254879}, {"answer": "يدنين عليهن من جلابيبهن", "rank": 2, "score": 0.020436102524399757}, {"answer": "يدنين عليهن من جلابيبهن ذلك ادني ان يعرفن", "rank": 3, "score": 0.015866370871663094}, {"answer": "المؤمنين يدنين عليهن من جلابيبهن", "rank": 4, "score": 0.012600461952388287}, {"answer": "يدنين عليهن من جلابيبهن", "rank": 5, "score": 0.011301613412797451}], "33:60-62_400": [{"answer": ". سنه الله في الذين خلوا من قبل", "rank": 1, "score": 0.1878139078617096}, {"answer": "سنه الله في الذين خلوا من قبل", "rank": 2, "score": 0.14025960862636566}, {"answer": "قبل", "rank": 3, "score": 0.09584738314151764}, {"answer": "تقتيلا . سنه الله في الذين خلوا من قبل", "rank": 4, "score": 0.04648837819695473}, {"answer": ". ملعونين اينما ثقفوا اخذوا وقتلوا تقتيلا", "rank": 5, "score": 0.011657493188977242}], "33:69-71_415": [{"answer": "ومن يطع الله ورسوله فقد فاز فوزا عظيما", "rank": 1, "score": 0.055205099284648895}, {"answer": ". يا ايها الذين امنوا اتقوا الله", "rank": 2, "score": 0.02556212805211544}, {"answer": "ومن يطع الله ورسوله فقد فاز فوزا", "rank": 3, "score": 0.01576060801744461}, {"answer": "ذنوبكم ومن يطع الله ورسوله فقد فاز فوزا عظيما", "rank": 4, "score": 0.015170902945101261}, {"answer": "يا ايها الذين امنوا اتقوا الله", "rank": 5, "score": 0.009664012119174004}], "39:11-20_373": [{"answer": "وامرت لان اكون اول المسلمين", "rank": 1, "score": 0.16608577966690063}, {"answer": "اكون اول المسلمين", "rank": 2, "score": 0.1167944148182869}, {"answer": "لان اكون اول المسلمين", "rank": 3, "score": 0.09196939319372177}, {"answer": "وامرت لان اكون اول المسلمين", "rank": 4, "score": 0.06330374628305435}, {"answer": ". وامرت لان اكون اول المسلمين", "rank": 5, "score": 0.03247152268886566}], "39:32-37_313": [{"answer": "ويجزيهم اجرهم باحسن الذي كانوا يعملون", "rank": 1, "score": 0.17896884679794312}, {"answer": "ويجزيهم اجرهم باحسن", "rank": 2, "score": 0.054417673498392105}, {"answer": "ويجزيهم اجرهم باحسن الذي كانوا", "rank": 3, "score": 0.0482739582657814}, {"answer": "اجرهم باحسن الذي كانوا يعملون", "rank": 4, "score": 0.04236674681305885}, {"answer": "ويجزيهم اجرهم باحسن الذي كانوا يعملون", "rank": 5, "score": 0.02996835857629776}], "39:38-41_417": [{"answer": "بالحق فمن اهتدي فلنفسه ومن ضل فانما يضل عليها", "rank": 1, "score": 0.25054073333740234}, {"answer": "فمن اهتدي فلنفسه ومن ضل فانما يضل عليها", "rank": 2, "score": 0.191436767578125}, {"answer": "بالحق", "rank": 3, "score": 0.025134535506367683}, {"answer": "للناس بالحق فمن اهتدي فلنفسه ومن ضل فانما يضل عليها", "rank": 4, "score": 0.02176264300942421}, {"answer": "عليها", "rank": 5, "score": 0.012175826355814934}], "39:9-10_313": [{"answer": "للذين احسنوا في هذه الدنيا حسنه وارض الله واسعه", "rank": 1, "score": 0.04544829949736595}, {"answer": "للذين احسنوا في هذه الدنيا حسنه وارض الله", "rank": 2, "score": 0.02706286311149597}, {"answer": "للذين احسنوا في هذه الدنيا حسنه", "rank": 3, "score": 0.024737564846873283}, {"answer": "للذين احسنوا في هذه الدنيا حسنه", "rank": 4, "score": 0.02349763549864292}, {"answer": "للذين احسنوا في هذه الدنيا حسنه وارض الله واسعه", "rank": 5, "score": 0.02263251505792141}], "3:130-136_415": [{"answer": "يا ايها الذين امنوا", "rank": 1, "score": 0.03206974267959595}, {"answer": ". واتقوا النار التي اعدت للكافرين . واطيعوا الله والرسول", "rank": 2, "score": 0.015424112789332867}, {"answer": "يا ايها الذين امنوا", "rank": 3, "score": 0.006799948401749134}, {"answer": "للكافرين . واطيعوا الله والرسول", "rank": 4, "score": 0.006417428608983755}, {"answer": "تفلحون . واتقوا النار التي اعدت للكافرين . واطيعوا الله والرسول", "rank": 5, "score": 0.006340020336210728}], "3:145-148_313": [{"answer": "فاتاهم الله ثواب الدنيا وحسن ثواب الاخره والله يحب المحسنين", "rank": 1, "score": 0.04393114149570465}, {"answer": "فاتاهم الله ثواب الدنيا وحسن ثواب الاخره", "rank": 2, "score": 0.0297817625105381}, {"answer": "الله ثواب الدنيا وحسن ثواب الاخره والله يحب المحسنين", "rank": 3, "score": 0.025737609714269638}, {"answer": ". فاتاهم الله ثواب الدنيا وحسن ثواب الاخره والله يحب المحسنين", "rank": 4, "score": 0.024323202669620514}, {"answer": "فاتاهم الله ثواب الدنيا وحسن ثواب الاخره والله يحب المحسنين", "rank": 5, "score": 0.01813865825533867}], "3:164-165_415": [{"answer": "لقد من الله علي المؤمنين اذ بعث فيهم رسولا من انفسهم", "rank": 1, "score": 0.03957763686776161}, {"answer": "لقد من الله علي المؤمنين", "rank": 2, "score": 0.01348396111279726}, {"answer": "مبين", "rank": 3, "score": 0.010933935642242432}, {"answer": "لقد من الله علي المؤمنين اذ بعث فيهم رسولا", "rank": 4, "score": 0.005840618163347244}, {"answer": "لقد", "rank": 5, "score": 0.0028457355219870806}], "3:169-175_313": [{"answer": ". الذين استجابوا لله والرسول من بعد ما اصابهم القرح", "rank": 1, "score": 0.05787477269768715}, {"answer": ". الذين استجابوا لله والرسول من بعد ما اصابهم القرح", "rank": 2, "score": 0.04727829620242119}, {"answer": "المؤمنين . الذين استجابوا لله والرسول من بعد ما اصابهم القرح", "rank": 3, "score": 0.02809232845902443}, {"answer": "المؤمنين . الذين استجابوا لله والرسول من بعد ما اصابهم القرح", "rank": 4, "score": 0.022948814556002617}, {"answer": "الذين استجابوا لله والرسول من بعد ما اصابهم القرح", "rank": 5, "score": 0.018349722027778625}], "3:30-32_415": [{"answer": ". قل اطيعوا الله والرسول", "rank": 1, "score": 0.09537451714277267}, {"answer": "قل اطيعوا الله والرسول", "rank": 2, "score": 0.047493163496255875}, {"answer": "اطيعوا الله والرسول", "rank": 3, "score": 0.0313340499997139}, {"answer": ". قل اطيعوا الله والرسول", "rank": 4, "score": 0.027693195268511772}, {"answer": ". قل ان كنتم تحبون الله فاتبعوني", "rank": 5, "score": 0.019600799307227135}], "41:13-18_236": [{"answer": "كافرون", "rank": 1, "score": 0.014192743226885796}, {"answer": "الله", "rank": 2, "score": 0.01353881973773241}, {"answer": "وثمود", "rank": 3, "score": 0.007149702403694391}, {"answer": "وثمود . اذ جاءتهم الرسل من بين ايديهم ومن خلفهم", "rank": 4, "score": 0.006775129586458206}, {"answer": "وثمود", "rank": 5, "score": 0.006074692588299513}], "41:33-36_313": [{"answer": ". ولا تستوي الحسنه ولا السيئه", "rank": 1, "score": 0.1446143090724945}, {"answer": ". ولا تستوي الحسنه ولا السيئه ادفع بالتي هي احسن", "rank": 2, "score": 0.13044138252735138}, {"answer": "ولا تستوي الحسنه ولا السيئه", "rank": 3, "score": 0.030248964205384254}, {"answer": "ولا تستوي الحسنه ولا السيئه ادفع بالتي هي احسن", "rank": 4, "score": 0.0272844135761261}, {"answer": ". ولا تستوي الحسنه ولا السيئه", "rank": 5, "score": 0.026171306148171425}], "46:15-18_132": [{"answer": "ثلاثون شهرا حتي اذا بلغ اشده وبلغ اربعين سنه", "rank": 1, "score": 0.1576758176088333}, {"answer": "ثلاثون شهرا", "rank": 2, "score": 0.1283603012561798}, {"answer": "اربعين سنه", "rank": 3, "score": 0.12351389974355698}, {"answer": "وحمله وفصاله ثلاثون شهرا حتي اذا بلغ اشده وبلغ اربعين سنه", "rank": 4, "score": 0.08776883780956268}, {"answer": "وحمله وفصاله ثلاثون شهرا", "rank": 5, "score": 0.0714506208896637}], "46:15-18_313": [{"answer": "وصينا الانسان بوالديه احسانا", "rank": 1, "score": 0.09198235720396042}, {"answer": "وصينا الانسان بوالديه احسانا", "rank": 2, "score": 0.02326435223221779}, {"answer": "احسانا", "rank": 3, "score": 0.020426897332072258}, {"answer": "احسانا", "rank": 4, "score": 0.016492655500769615}, {"answer": "احسانا حملته امه كرها وضعته كرها وحمله وفصاله ثلاثون شهرا", "rank": 5, "score": 0.013969894498586655}], "46:21-25_236": [{"answer": "عظيم", "rank": 1, "score": 0.03171835467219353}, {"answer": "واذكر اخا عاد اذ انذر قومه بالاحقاف", "rank": 2, "score": 0.028399886563420296}, {"answer": "الله اني اخاف عليكم عذاب يوم عظيم", "rank": 3, "score": 0.014693479984998703}, {"answer": "قومه بالاحقاف", "rank": 4, "score": 0.014410831965506077}, {"answer": ".", "rank": 5, "score": 0.011785592883825302}], "47:1-6_304": [{"answer": "الذين كفروا وصدوا عن سبيل الله اضل اعمالهم .", "rank": 1, "score": 0.0600370317697525}, {"answer": "الذين كفروا وصدوا عن سبيل الله", "rank": 2, "score": 0.04432206228375435}, {"answer": "الذين كفروا وصدوا عن سبيل الله اضل اعمالهم", "rank": 3, "score": 0.02729196660220623}, {"answer": "والذين قتلوا في سبيل الله", "rank": 4, "score": 0.017384300008416176}, {"answer": "قتلوا في سبيل الله", "rank": 5, "score": 0.016856402158737183}], "47:1-6_400": [{"answer": "الجنه", "rank": 1, "score": 0.028799964115023613}, {"answer": "الجنه", "rank": 2, "score": 0.01871844381093979}, {"answer": "ويدخلهم الجنه", "rank": 3, "score": 0.011403909884393215}, {"answer": "ذلك ولو يشاء الله لانتصر منهم ولكن ليبلو بعضكم ببعض", "rank": 4, "score": 0.010914391838014126}, {"answer": "ببعض", "rank": 5, "score": 0.010287629440426826}], "47:33-38_415": [{"answer": "يا ايها الذين امنوا اطيعوا الله واطيعوا الرسول", "rank": 1, "score": 0.6253461241722107}, {"answer": "يا ايها الذين امنوا", "rank": 2, "score": 0.08948414027690887}, {"answer": "ايها الذين امنوا اطيعوا الله واطيعوا الرسول", "rank": 3, "score": 0.04133220389485359}, {"answer": "الذين امنوا اطيعوا الله واطيعوا الرسول", "rank": 4, "score": 0.03408367559313774}, {"answer": "امنوا اطيعوا الله واطيعوا الرسول", "rank": 5, "score": 0.020951056852936745}], "48:16-17_415": [{"answer": "يسلمون", "rank": 1, "score": 0.08160621672868729}, {"answer": "فان تطيعوا يؤتكم الله اجرا حسنا", "rank": 2, "score": 0.05036911368370056}, {"answer": "او يسلمون", "rank": 3, "score": 0.04839375987648964}, {"answer": "يسلمون", "rank": 4, "score": 0.04212793707847595}, {"answer": "يسلمون فان تطيعوا يؤتكم الله اجرا حسنا", "rank": 5, "score": 0.03356541693210602}], "49:6-8_415": [{"answer": "يا ايها الذين امنوا", "rank": 1, "score": 0.14896860718727112}, {"answer": "يا ايها الذين امنوا ان جاءكم فاسق بنبا", "rank": 2, "score": 0.0528082437813282}, {"answer": "يا ايها الذين امنوا", "rank": 3, "score": 0.03214792162179947}, {"answer": "يا ايها الذين امنوا ان جاءكم فاسق بنبا", "rank": 4, "score": 0.02501232735812664}, {"answer": "يا ايها الذين", "rank": 5, "score": 0.007107842247933149}], "49:9-10_400": [{"answer": "حتي تفيء الي امر الله", "rank": 1, "score": 0.31175896525382996}, {"answer": "الله", "rank": 2, "score": 0.08038041740655899}, {"answer": "امر الله", "rank": 3, "score": 0.022882359102368355}, {"answer": "تفيء الي امر الله", "rank": 4, "score": 0.02224063314497471}, {"answer": "حتي تفيء الي امر", "rank": 5, "score": 0.020205963402986526}], "4:12-14_415": [{"answer": "ومن يطع الله ورسوله", "rank": 1, "score": 0.05697312206029892}, {"answer": ". تلك حدود الله", "rank": 2, "score": 0.04428032040596008}, {"answer": "الله", "rank": 3, "score": 0.03830743581056595}, {"answer": ". تلك حدود الله ومن يطع الله ورسوله", "rank": 4, "score": 0.029622917994856834}, {"answer": "الله ومن يطع الله ورسوله", "rank": 5, "score": 0.025627141818404198}], "4:122-126_313": [{"answer": "اسلم وجهه لله وهو محسن", "rank": 1, "score": 0.10635408759117126}, {"answer": ". ومن احسن دينا ممن اسلم وجهه لله وهو محسن", "rank": 2, "score": 0.07658200711011887}, {"answer": "ممن اسلم وجهه لله وهو محسن", "rank": 3, "score": 0.03989214077591896}, {"answer": "اسلم وجهه لله وهو محسن واتبع مله ابراهيم حنيفا", "rank": 4, "score": 0.018940923735499382}, {"answer": "اسلم وجهه لله وهو محسن واتبع", "rank": 5, "score": 0.014471722766757011}], "4:36-40_313": [{"answer": "وبالوالدين احسانا", "rank": 1, "score": 0.31168702244758606}, {"answer": "واعبدوا الله ولا تشركوا به شيئا وبالوالدين احسانا", "rank": 2, "score": 0.2953457236289978}, {"answer": "وبالوالدين احسانا", "rank": 3, "score": 0.12235213816165924}, {"answer": "واعبدوا الله ولا تشركوا به شيئا وبالوالدين احسانا", "rank": 4, "score": 0.11593738198280334}, {"answer": "وبالوالدين احسانا وبذي القربي واليتامي والمساكين", "rank": 5, "score": 0.022302616387605667}], "4:58-59_415": [{"answer": "يا ايها الذين امنوا اطيعوا الله واطيعوا الرسول", "rank": 1, "score": 0.048114046454429626}, {"answer": ". يا ايها الذين امنوا اطيعوا الله واطيعوا الرسول", "rank": 2, "score": 0.034010276198387146}, {"answer": "يا ايها الذين امنوا", "rank": 3, "score": 0.02636141888797283}, {"answer": ". يا ايها الذين امنوا", "rank": 4, "score": 0.018634041771292686}, {"answer": "يا ايها الذين امنوا", "rank": 5, "score": 0.010448606684803963}], "4:64-65_415": [{"answer": ". فلا وربك لا يؤمنون حتي يحكموك فيما شجر بينهم", "rank": 1, "score": 0.052467577159404755}, {"answer": "لا يؤمنون حتي يحكموك فيما شجر بينهم", "rank": 2, "score": 0.04860798269510269}, {"answer": ". فلا وربك لا يؤمنون", "rank": 3, "score": 0.03004268743097782}, {"answer": "لا يؤمنون", "rank": 4, "score": 0.027832699939608574}, {"answer": "فلا وربك لا يؤمنون حتي يحكموك فيما شجر بينهم", "rank": 5, "score": 0.027624579146504402}], "4:66-70_415": [{"answer": "ومن يطع الله والرسول", "rank": 1, "score": 0.023231998085975647}, {"answer": "ومن يطع الله والرسول", "rank": 2, "score": 0.017137562856078148}, {"answer": ". ومن يطع الله والرسول", "rank": 3, "score": 0.01633334532380104}, {"answer": ". ومن يطع الله والرسول", "rank": 4, "score": 0.012048629112541676}, {"answer": "رفيقا", "rank": 5, "score": 0.005398125387728214}], "4:74-76_400": [{"answer": "فليقاتل في سبيل الله الذين يشرون الحياه الدنيا بالاخره", "rank": 1, "score": 0.07420298457145691}, {"answer": "بالاخره", "rank": 2, "score": 0.05329715460538864}, {"answer": "عظيما", "rank": 3, "score": 0.024203525856137276}, {"answer": "بالاخره ومن يقاتل في سبيل الله فيقتل او يغلب فسوف نؤتيه اجرا", "rank": 4, "score": 0.010701344348490238}, {"answer": "ومن يقاتل في سبيل الله فيقتل او يغلب فسوف نؤتيه اجرا عظيما", "rank": 5, "score": 0.007064921781420708}], "4:80-84_400": [{"answer": "من يطع الرسول فقد اطاع الله", "rank": 1, "score": 0.4748099744319916}, {"answer": "الله", "rank": 2, "score": 0.01419836189597845}, {"answer": "من يطع الرسول فقد اطاع الله ومن تولي", "rank": 3, "score": 0.010918941348791122}, {"answer": "المؤمنين", "rank": 4, "score": 0.0060777682811021805}, {"answer": ". فقاتل في سبيل الله لا تكلف الا نفسك وحرض المؤمنين", "rank": 5, "score": 0.003960460424423218}], "4:80-84_415": [{"answer": "من يطع الرسول فقد اطاع الله", "rank": 1, "score": 0.7190992832183838}, {"answer": "من يطع الرسول فقد اطاع الله ومن تولي", "rank": 2, "score": 0.02478305995464325}, {"answer": "الله", "rank": 3, "score": 0.011579263024032116}, {"answer": "الرسول فقد اطاع الله", "rank": 4, "score": 0.007498651277273893}, {"answer": "من يطع الرسول فقد اطاع الله ومن تولي فما ارسلناك عليهم حفيظا", "rank": 5, "score": 0.004986266139894724}], "4:88-91_304": [{"answer": "يهاجروا في سبيل الله", "rank": 1, "score": 0.31540557742118835}, {"answer": "يهاجروا في سبيل", "rank": 2, "score": 0.07896009832620621}, {"answer": "يهاجروا في سبيل الله", "rank": 3, "score": 0.06974581629037857}, {"answer": "يهاجروا في سبيل الله", "rank": 4, "score": 0.05997159332036972}, {"answer": "حتي يهاجروا في سبيل الله", "rank": 5, "score": 0.05414063110947609}], "4:88-91_400": [{"answer": "الله فان تولوا فخذوهم واقتلوهم حيث وجدتموهم", "rank": 1, "score": 0.04228272661566734}, {"answer": "الله", "rank": 2, "score": 0.02876984141767025}, {"answer": "فان تولوا فخذوهم واقتلوهم حيث وجدتموهم", "rank": 3, "score": 0.02874276228249073}, {"answer": "الله فان تولوا فخذوهم واقتلوهم حيث وجدتموهم", "rank": 4, "score": 0.007214929908514023}, {"answer": "سبيل الله فان تولوا فخذوهم واقتلوهم حيث وجدتموهم", "rank": 5, "score": 0.006505844183266163}], "51:38-46_236": [{"answer": "وفي عاد اذ ارسلنا عليهم الريح العقيم", "rank": 1, "score": 0.04205853492021561}, {"answer": ". وفي عاد اذ ارسلنا عليهم الريح العقيم", "rank": 2, "score": 0.03570462018251419}, {"answer": "وفي عاد اذ ارسلنا عليهم الريح", "rank": 3, "score": 0.03268697112798691}, {"answer": ". وفي عاد اذ ارسلنا عليهم الريح", "rank": 4, "score": 0.027748849242925644}, {"answer": "وفي عاد اذ ارسلنا عليهم الريح العقيم", "rank": 5, "score": 0.017336120828986168}], "53:31-41_313": [{"answer": "ويجزي الذين احسنوا بالحسني", "rank": 1, "score": 0.11078901588916779}, {"answer": "ويجزي الذين احسنوا بالحسني", "rank": 2, "score": 0.055231038480997086}, {"answer": "بالحسني", "rank": 3, "score": 0.04953402280807495}, {"answer": ". الذين يجتنبون كبائر الاثم والفواحش الا اللمم", "rank": 4, "score": 0.030067071318626404}, {"answer": "بالحسني", "rank": 5, "score": 0.024693923071026802}], "54:18-22_236": [{"answer": "كذبت عاد فكيف كان عذابي ونذر", "rank": 1, "score": 0.3488209545612335}, {"answer": "كذبت عاد", "rank": 2, "score": 0.23082606494426727}, {"answer": "كذبت عاد فكيف كان عذابي ونذر", "rank": 3, "score": 0.04194057732820511}, {"answer": "كذبت", "rank": 4, "score": 0.039447613060474396}, {"answer": "كذبت", "rank": 5, "score": 0.037057481706142426}], "58:12-13_415": [{"answer": "يا ايها الذين امنوا اذا ناجيتم الرسول", "rank": 1, "score": 0.19161438941955566}, {"answer": "يا ايها الذين امنوا", "rank": 2, "score": 0.03337524086236954}, {"answer": "اذا ناجيتم الرسول", "rank": 3, "score": 0.008571100421249866}, {"answer": "الرسول", "rank": 4, "score": 0.008306416682898998}, {"answer": "امنوا اذا ناجيتم الرسول", "rank": 5, "score": 0.007924872450530529}], "59:6-7_415": [{"answer": ". ما افاء الله علي رسوله من اهل القري", "rank": 1, "score": 0.08080325275659561}, {"answer": "ما افاء الله علي رسوله من اهل القري", "rank": 2, "score": 0.04944674298167229}, {"answer": "اهل القري", "rank": 3, "score": 0.04576539248228073}, {"answer": "وما اتاكم الرسول فخذوه وما نهاكم عنه فانتهوا", "rank": 4, "score": 0.03928890451788902}, {"answer": "القري", "rank": 5, "score": 0.028014803305268288}], "5:103-105_415": [{"answer": "واذا قيل لهم تعالوا الي ما انزل الله والي الرسول", "rank": 1, "score": 0.4718981683254242}, {"answer": "الرسول", "rank": 2, "score": 0.13156625628471375}, {"answer": ". واذا قيل لهم تعالوا الي ما انزل الله والي الرسول", "rank": 3, "score": 0.08214510232210159}, {"answer": "تعالوا الي ما انزل الله والي الرسول", "rank": 4, "score": 0.012979126535356045}, {"answer": "يعقلون . واذا قيل لهم تعالوا الي ما انزل الله والي الرسول", "rank": 5, "score": 0.009981767274439335}], "5:12-13_313": [{"answer": "فاعف عنهم واصفح ان الله يحب المحسنين", "rank": 1, "score": 0.08503700792789459}, {"answer": "واصفح ان الله يحب المحسنين", "rank": 2, "score": 0.057876285165548325}, {"answer": "فاعف عنهم واصفح", "rank": 3, "score": 0.05172446370124817}, {"answer": "واصفح", "rank": 4, "score": 0.035203732550144196}, {"answer": "منهم فاعف عنهم واصفح ان الله يحب المحسنين", "rank": 5, "score": 0.02633727341890335}], "5:32-34_400": [{"answer": "كتبنا علي بني اسرائيل انه من قتل نفسا بغير نفس او فساد في الارض", "rank": 1, "score": 0.20968666672706604}, {"answer": "انه من قتل نفسا بغير نفس او فساد في الارض", "rank": 2, "score": 0.10069030523300171}, {"answer": "بني اسرائيل انه من قتل نفسا بغير نفس او فساد في الارض", "rank": 3, "score": 0.08436977863311768}, {"answer": "كتبنا علي بني اسرائيل", "rank": 4, "score": 0.07127678394317627}, {"answer": "اسرائيل انه من قتل نفسا بغير نفس او فساد في الارض", "rank": 5, "score": 0.029371606186032295}], "5:44-47_351": [{"answer": "فمن تصدق به فهو كفاره له", "rank": 1, "score": 0.03501390293240547}, {"answer": "الظالمون", "rank": 2, "score": 0.028373362496495247}, {"answer": "قصاص فمن تصدق به فهو كفاره له", "rank": 3, "score": 0.01973050832748413}, {"answer": "الظالمون", "rank": 4, "score": 0.018610935658216476}, {"answer": "ومن لم يحكم بما انزل الله فاولئك هم الظالمون", "rank": 5, "score": 0.017033159732818604}], "5:82-86_313": [{"answer": "المحسنين", "rank": 1, "score": 0.02819100394845009}, {"answer": "المحسنين . والذين كفروا وكذبوا باياتنا اولئك اصحاب الجحيم", "rank": 2, "score": 0.01273275911808014}, {"answer": ". والذين كفروا وكذبوا باياتنا اولئك اصحاب الجحيم", "rank": 3, "score": 0.012330446392297745}, {"answer": "جزاء المحسنين", "rank": 4, "score": 0.011240254156291485}, {"answer": "وذلك جزاء المحسنين", "rank": 5, "score": 0.007142181508243084}], "5:90-93_415": [{"answer": ". واطيعوا الله واطيعوا الرسول", "rank": 1, "score": 0.044487569481134415}, {"answer": "واطيعوا الله واطيعوا الرسول", "rank": 2, "score": 0.024565288797020912}, {"answer": "منتهون . واطيعوا الله واطيعوا الرسول", "rank": 3, "score": 0.014568421989679337}, {"answer": "ليس علي الذين امنوا وعملوا الصالحات جناح فيما طعموا", "rank": 4, "score": 0.010577748529613018}, {"answer": "واطيعوا الله واطيعوا الرسول", "rank": 5, "score": 0.010375205427408218}], "64:11-13_415": [{"answer": "واطيعوا الله واطيعوا الرسول", "rank": 1, "score": 0.22140514850616455}, {"answer": ". واطيعوا الله واطيعوا الرسول", "rank": 2, "score": 0.2200552523136139}, {"answer": "الرسول", "rank": 3, "score": 0.048586051911115646}, {"answer": "الرسول فان توليتم فانما علي رسولنا البلاغ المبين", "rank": 4, "score": 0.018880071118474007}, {"answer": "واطيعوا الله واطيعوا الرسول", "rank": 5, "score": 0.01450120098888874}], "66:8-9_304": [{"answer": "يا ايها النبي جاهد الكفار والمنافقين واغلظ عليهم", "rank": 1, "score": 0.14632172882556915}, {"answer": "جاهد الكفار والمنافقين واغلظ عليهم", "rank": 2, "score": 0.11734592169523239}, {"answer": "النبي جاهد الكفار والمنافقين واغلظ عليهم", "rank": 3, "score": 0.095814049243927}, {"answer": "يا ايها النبي جاهد الكفار والمنافقين", "rank": 4, "score": 0.07784764468669891}, {"answer": "جاهد الكفار والمنافقين", "rank": 5, "score": 0.06243162602186203}], "69:1-8_236": [{"answer": "بريح صرصر عاتيه", "rank": 1, "score": 0.135976642370224}, {"answer": "بريح صرصر عاتيه", "rank": 2, "score": 0.11780101805925369}, {"answer": "بريح صرصر عاتيه . سخرها", "rank": 3, "score": 0.06798660755157471}, {"answer": "بريح صرصر", "rank": 4, "score": 0.053135067224502563}, {"answer": "بريح صرصر عاتيه .", "rank": 5, "score": 0.035372693091630936}], "6:161-163_373": [{"answer": "وانا اول المسلمين", "rank": 1, "score": 0.18487288057804108}, {"answer": "امرت وانا اول المسلمين", "rank": 2, "score": 0.08206762373447418}, {"answer": "المسلمين", "rank": 3, "score": 0.0811474397778511}, {"answer": "وانا اول المسلمين .", "rank": 4, "score": 0.028479889035224915}, {"answer": "اول المسلمين", "rank": 5, "score": 0.014300471171736717}], "73:15-19_386": [{"answer": "فمن شاء اتخذ الي ربه", "rank": 1, "score": 0.054678890854120255}, {"answer": "فمن شاء اتخذ الي ربه سبيلا", "rank": 2, "score": 0.05422594025731087}, {"answer": "تذكره فمن شاء اتخذ الي ربه", "rank": 3, "score": 0.014937344938516617}, {"answer": "تذكره فمن شاء اتخذ الي ربه سبيلا", "rank": 4, "score": 0.01481360662728548}, {"answer": "مفعولا . ان هذه تذكره فمن شاء اتخذ الي ربه", "rank": 5, "score": 0.010816757567226887}], "7:157-158_415": [{"answer": "المنكر ويحل لهم الطيبات ويحرم عليهم الخبائث", "rank": 1, "score": 0.021812474355101585}, {"answer": "المنكر", "rank": 2, "score": 0.00815924908965826}, {"answer": "والانجيل يامرهم بالمعروف وينهاهم عن المنكر", "rank": 3, "score": 0.006073608994483948}, {"answer": "تهتدون", "rank": 4, "score": 0.005500948056578636}, {"answer": "الخبائث", "rank": 5, "score": 0.004994985647499561}], "7:19-25_257": [{"answer": "ويا ادم اسكن انت وزوجك الجنه فكلا من حيث شئتما", "rank": 1, "score": 0.09285026043653488}, {"answer": "الجنه فكلا من حيث شئتما", "rank": 2, "score": 0.05894755572080612}, {"answer": "ويا ادم اسكن انت وزوجك الجنه فكلا من حيث شئتما", "rank": 3, "score": 0.03836127743124962}, {"answer": "الجنه فكلا من حيث شئتما", "rank": 4, "score": 0.024354305118322372}, {"answer": "الظالمين", "rank": 5, "score": 0.012417752295732498}], "7:54-56_313": [{"answer": ". ولا تفسدوا في الارض بعد اصلاحها وادعوه خوفا وطمعا", "rank": 1, "score": 0.056690093129873276}, {"answer": ". ولا تفسدوا في الارض بعد اصلاحها", "rank": 2, "score": 0.05290922895073891}, {"answer": ". ولا تفسدوا في الارض بعد اصلاحها وادعوه خوفا وطمعا", "rank": 3, "score": 0.032531145960092545}, {"answer": "وادعوه خوفا وطمعا ان رحمت الله قريب من المحسنين", "rank": 4, "score": 0.025550350546836853}, {"answer": "ولا تفسدوا في الارض بعد اصلاحها وادعوه خوفا وطمعا", "rank": 5, "score": 0.0212192814797163}], "8:20-26_415": [{"answer": "يا ايها الذين امنوا اطيعوا الله ورسوله", "rank": 1, "score": 0.29168179631233215}, {"answer": "يا ايها الذين امنوا اطيعوا الله ورسوله ولا تولوا عنه", "rank": 2, "score": 0.08170710504055023}, {"answer": "يا ايها الذين امنوا اطيعوا الله ورسوله ولا تولوا عنه وانتم تسمعون", "rank": 3, "score": 0.02281433530151844}, {"answer": "الذين امنوا اطيعوا الله ورسوله", "rank": 4, "score": 0.013980602845549583}, {"answer": "ايها الذين امنوا اطيعوا الله ورسوله", "rank": 5, "score": 0.012971307151019573}], "8:38-40_400": [{"answer": "قل للذين كفروا ان ينتهوا يغفر لهم ما قد سلف", "rank": 1, "score": 0.3988131582736969}, {"answer": "للذين كفروا ان ينتهوا يغفر لهم ما قد سلف", "rank": 2, "score": 0.01826544478535652}, {"answer": "ان ينتهوا يغفر لهم ما قد سلف", "rank": 3, "score": 0.01782422699034214}, {"answer": "كفروا ان ينتهوا يغفر لهم ما قد سلف", "rank": 4, "score": 0.010027388110756874}, {"answer": "ينتهوا يغفر لهم ما قد سلف", "rank": 5, "score": 0.009738217107951641}], "8:62-66_304": [{"answer": "حرض المؤمنين علي القتال", "rank": 1, "score": 0.110345259308815}, {"answer": "حرض المؤمنين علي القتال ان يكن منكم عشرون صابرون يغلبوا مائتين", "rank": 2, "score": 0.07053352892398834}, {"answer": "ان يكن منكم عشرون صابرون يغلبوا مائتين", "rank": 3, "score": 0.04728551208972931}, {"answer": ". يا ايها النبي حرض المؤمنين علي القتال", "rank": 4, "score": 0.03727692365646362}, {"answer": "حرض المؤمنين علي القتال ان يكن منكم عشرون صابرون يغلبوا مائتين", "rank": 5, "score": 0.03693801164627075}], "9:1-6_304": [{"answer": "فان تابوا واقاموا الصلاه واتوا الزكاه فخلوا سبيلهم", "rank": 1, "score": 0.01674213446676731}, {"answer": "ورسوله فان تبتم فهو خير لكم", "rank": 2, "score": 0.009053405374288559}, {"answer": "فان تابوا واقاموا الصلاه واتوا الزكاه", "rank": 3, "score": 0.004141437821090221}, {"answer": "المشركين", "rank": 4, "score": 0.003250458976253867}, {"answer": "ورسوله", "rank": 5, "score": 0.0025836790446192026}], "9:1-6_400": [{"answer": "ورسوله فان تبتم فهو خير لكم", "rank": 1, "score": 0.014726401306688786}, {"answer": "الاكبر ان الله بريء من المشركين ورسوله فان تبتم فهو خير لكم", "rank": 2, "score": 0.014698315411806107}, {"answer": "الاكبر", "rank": 3, "score": 0.011908252723515034}, {"answer": "فاذا انسلخ الاشهر الحرم", "rank": 4, "score": 0.007485393434762955}, {"answer": "فان تبتم فهو خير لكم", "rank": 5, "score": 0.005925532430410385}], "9:100-102_313": [{"answer": "واعد لهم جنات تجري تحتها الانهار", "rank": 1, "score": 0.14670345187187195}, {"answer": "واعد لهم جنات تجري تحتها الانهار خالدين فيها ابدا ذلك الفوز العظيم", "rank": 2, "score": 0.138305202126503}, {"answer": "واعد لهم جنات تجري تحتها الانهار خالدين فيها ابدا", "rank": 3, "score": 0.0840212032198906}, {"answer": "واعد لهم جنات", "rank": 4, "score": 0.05800764635205269}, {"answer": "لهم جنات تجري تحتها الانهار", "rank": 5, "score": 0.03337839990854263}], "9:117-121_313": [{"answer": "احسن ما كانوا يعملون", "rank": 1, "score": 0.020698675885796547}, {"answer": "ليجزيهم الله احسن ما كانوا يعملون", "rank": 2, "score": 0.01667589507997036}, {"answer": "يعملون", "rank": 3, "score": 0.016210930421948433}, {"answer": "ليجزيهم الله احسن ما كانوا يعملون", "rank": 4, "score": 0.014508524909615517}, {"answer": "الله احسن ما كانوا يعملون", "rank": 5, "score": 0.01329801045358181}], "9:12-16_400": [{"answer": "قاتلوهم يعذبهم الله بايديكم ويخزهم وينصركم عليهم", "rank": 1, "score": 0.04278261214494705}, {"answer": "قاتلوهم يعذبهم الله بايديكم ويخزهم وينصركم عليهم", "rank": 2, "score": 0.010307377204298973}, {"answer": "عليهم", "rank": 3, "score": 0.004407472908496857}, {"answer": "قاتلوهم يعذبهم الله بايديكم ويخزهم وينصركم", "rank": 4, "score": 0.0032095536589622498}, {"answer": ". قاتلوهم يعذبهم الله بايديكم ويخزهم وينصركم", "rank": 5, "score": 0.0030631464906036854}], "9:122-123_400": [{"answer": ". يا ايها الذين امنوا قاتلوا الذين يلونكم من الكفار", "rank": 1, "score": 0.15919026732444763}, {"answer": "يحذرون . يا ايها الذين امنوا قاتلوا الذين يلونكم من الكفار", "rank": 2, "score": 0.008984222076833248}, {"answer": "الكفار", "rank": 3, "score": 0.007776509039103985}, {"answer": ".", "rank": 4, "score": 0.006085156928747892}, {"answer": "يا ايها الذين امنوا قاتلوا الذين يلونكم من الكفار", "rank": 5, "score": 0.003337440313771367}], "9:28-29_400": [{"answer": "حتي يعطوا الجزيه", "rank": 1, "score": 0.10008074343204498}, {"answer": "حتي يعطوا الجزيه عن يد وهم صاغرون", "rank": 2, "score": 0.06729154288768768}, {"answer": "الكتاب حتي يعطوا الجزيه", "rank": 3, "score": 0.044630955904722214}, {"answer": "حتي يعطوا الجزيه عن يد وهم صاغرون", "rank": 4, "score": 0.03386601433157921}, {"answer": "يعطوا الجزيه", "rank": 5, "score": 0.032601092010736465}], "9:36-37_400": [{"answer": "كفروا يحلونه عاما ويحرمونه عاما", "rank": 1, "score": 0.08046463131904602}, {"answer": "عاما", "rank": 2, "score": 0.04281425476074219}, {"answer": "اربعه حرم", "rank": 3, "score": 0.036859750747680664}, {"answer": "كفروا", "rank": 4, "score": 0.03647682070732117}, {"answer": "الذين كفروا يحلونه عاما ويحرمونه عاما", "rank": 5, "score": 0.016172703355550766}], "9:60-61_316": [{"answer": "انما الصدقات للفقراء والمساكين", "rank": 1, "score": 0.11304635554552078}, {"answer": "انما الصدقات", "rank": 2, "score": 0.06210864335298538}, {"answer": "الصدقات للفقراء والمساكين", "rank": 3, "score": 0.028358526527881622}, {"answer": "انما الصدقات", "rank": 4, "score": 0.016446346417069435}, {"answer": "الصدقات", "rank": 5, "score": 0.015580418519675732}], "9:71-72_415": [{"answer": "ويطيعون الله ورسوله", "rank": 1, "score": 0.294757604598999}, {"answer": "الله ورسوله", "rank": 2, "score": 0.14698122441768646}, {"answer": "ويطيعون الله ورسوله اولئك سيرحمهم الله", "rank": 3, "score": 0.06533890962600708}, {"answer": "ورسوله", "rank": 4, "score": 0.041786883026361465}, {"answer": "الله ورسوله اولئك سيرحمهم الله", "rank": 5, "score": 0.03258132562041283}], "9:73-74_304": [{"answer": "يا ايها النبي جاهد الكفار والمنافقين", "rank": 1, "score": 0.20983590185642242}, {"answer": "يا ايها النبي جاهد الكفار والمنافقين واغلظ عليهم", "rank": 2, "score": 0.15474505722522736}, {"answer": "يا ايها النبي", "rank": 3, "score": 0.11851037293672562}, {"answer": "جاهد الكفار والمنافقين", "rank": 4, "score": 0.06641127914190292}, {"answer": "الكفار والمنافقين", "rank": 5, "score": 0.06215189769864082}], "9:90-96_313": [{"answer": "ليس علي الضعفاء ولا علي المرضي ولا علي الذين لا يجدون ما ينفقون حرج", "rank": 1, "score": 0.045540183782577515}, {"answer": "ليس علي الضعفاء ولا علي المرضي ولا علي الذين لا يجدون ما ينفقون", "rank": 2, "score": 0.022264907136559486}, {"answer": "ليس علي الضعفاء ولا علي المرضي ولا علي الذين لا يجدون ما ينفقون", "rank": 3, "score": 0.014736014418303967}, {"answer": "علي الذين لا يجدون ما ينفقون حرج اذا نصحوا لله ورسوله", "rank": 4, "score": 0.009812621399760246}, {"answer": "سبيل", "rank": 5, "score": 0.006157246883958578}]}