{"104:1-9_107": [{"answer": "الحطمه .", "rank": 1, "score": 2.8560914870467968e-05}, {"answer": "الافئده", "rank": 2, "score": 2.4746066628722474e-05}, {"answer": "الحطمه", "rank": 3, "score": 2.4427674361504614e-05}, {"answer": "الحطمه . نار الله الموقده", "rank": 4, "score": 2.379744910285808e-05}, {"answer": "الحطمه . نار الله الموقده . التي تطلع علي", "rank": 5, "score": 8.669878297951072e-06}], "109:1-6_417": [{"answer": "قل", "rank": 1, "score": 1.638865978748072e-05}, {"answer": "دين", "rank": 2, "score": 4.01954957851558e-06}, {"answer": "قل", "rank": 3, "score": 3.719731012097327e-07}, {"answer": "قل يا ايها الكافرون", "rank": 4, "score": 3.387939102594828e-07}, {"answer": ". لكم دينكم ولي دين", "rank": 5, "score": 3.271052264608443e-07}], "10:107-109_417": [{"answer": "قل يا ايها الناس قد جاءكم الحق من ربكم", "rank": 1, "score": 2.7485917598824017e-05}, {"answer": "قل", "rank": 2, "score": 9.53923154156655e-06}, {"answer": "عليها", "rank": 3, "score": 3.432793619140284e-06}, {"answer": "ومن ضل فانما يضل عليها", "rank": 4, "score": 1.8993807771039428e-06}, {"answer": "قل يا ايها الناس قد جاءكم الحق من ربكم", "rank": 5, "score": 1.575239821249852e-06}], "10:65-70_149": [{"answer": ". قل ان الذين يفترون علي الله الكذب", "rank": 1, "score": 8.443717888440005e-06}, {"answer": ". قل ان الذين يفترون علي الله الكذب", "rank": 2, "score": 5.783899723610375e-06}, {"answer": ".", "rank": 3, "score": 4.655030352296308e-06}, {"answer": "يكفرون", "rank": 4, "score": 2.0690274595835945e-06}, {"answer": ". قل ان الذين يفترون علي الله الكذب", "rank": 5, "score": 1.0907331216003513e-06}], "17:12-17_417": [{"answer": "وكل انسان الزمناه طائره في عنقه", "rank": 1, "score": 6.191602005856112e-05}, {"answer": "رسولا", "rank": 2, "score": 4.6170782297849655e-05}, {"answer": "نبعث رسولا", "rank": 3, "score": 2.846189818228595e-05}, {"answer": "حسيبا", "rank": 4, "score": 1.0752180060080718e-05}, {"answer": "حتي نبعث رسولا", "rank": 5, "score": 1.8172002000937937e-06}], "17:22-30_313": [{"answer": "وبالوالدين", "rank": 1, "score": 0.00014054501662030816}, {"answer": "وبالوالدين احسانا", "rank": 2, "score": 1.137431991082849e-05}, {"answer": "وبالوالدين", "rank": 3, "score": 3.748488779820036e-06}, {"answer": "وبالوالدين احسانا", "rank": 4, "score": 2.656117658261792e-06}, {"answer": "وبالوالدين احسانا", "rank": 5, "score": 2.61235618381761e-06}], "17:31-35_400": [{"answer": ". ولا تقتلوا النفس التي حرم الله الا بالحق", "rank": 1, "score": 0.9870375394821167}, {"answer": ". ولا تقتلوا النفس التي حرم الله الا بالحق", "rank": 2, "score": 0.008384490385651588}, {"answer": "بالحق", "rank": 3, "score": 9.804879664443433e-05}, {"answer": "ولا تقتلوا النفس التي حرم الله الا بالحق", "rank": 4, "score": 5.391467493609525e-05}, {"answer": "النفس التي حرم الله الا بالحق", "rank": 5, "score": 1.3705833225685637e-05}], "18:29-31_313": [{"answer": "الذين امنوا وعملوا الصالحات", "rank": 1, "score": 0.9108021855354309}, {"answer": "ان الذين امنوا وعملوا الصالحات", "rank": 2, "score": 0.04987386614084244}, {"answer": "الذين امنوا وعملوا الصالحات", "rank": 3, "score": 0.009779493324458599}, {"answer": "ان الذين امنوا وعملوا الصالحات", "rank": 4, "score": 0.000535507220774889}, {"answer": ". ان الذين امنوا وعملوا الصالحات", "rank": 5, "score": 0.00019352919480297714}], "18:29-31_417": [{"answer": "فمن شاء فليؤمن ومن شاء فليكفر", "rank": 1, "score": 0.9997930526733398}, {"answer": "فمن شاء فليؤمن ومن شاء فليكفر", "rank": 2, "score": 2.7158366719959304e-05}, {"answer": "فمن", "rank": 3, "score": 8.280439942609519e-06}, {"answer": "فمن شاء فليؤمن ومن شاء فليكفر", "rank": 4, "score": 7.070704214129364e-06}, {"answer": "فليكفر", "rank": 5, "score": 5.521852017409401e-06}], "20:115-123_257": [{"answer": "تضحي", "rank": 1, "score": 9.571992450219113e-06}, {"answer": "ربه", "rank": 2, "score": 7.688026016694494e-06}, {"answer": "تضحي . فوسوس اليه الشيطان", "rank": 3, "score": 3.7420505805130233e-07}, {"answer": "وعصي ادم ربه", "rank": 4, "score": 2.1842825503881613e-07}, {"answer": "وعصي ادم ربه", "rank": 5, "score": 1.9800138773007347e-07}], "20:86-94_163": [{"answer": "القي السامري", "rank": 1, "score": 0.9807863831520081}, {"answer": "القي السامري", "rank": 2, "score": 0.009579695761203766}, {"answer": "القي السامري .", "rank": 3, "score": 0.0018085059709846973}, {"answer": "القي السامري", "rank": 4, "score": 0.001428081188350916}, {"answer": "القي السامري", "rank": 5, "score": 0.0008667708025313914}], "20:95-98_163": [{"answer": "سامري", "rank": 1, "score": 0.9999074935913086}, {"answer": "سامري", "rank": 2, "score": 2.740378477028571e-05}, {"answer": "سامري", "rank": 3, "score": 1.4184352949087042e-05}, {"answer": "سامري", "rank": 4, "score": 1.0356959137425292e-05}, {"answer": "سامري", "rank": 5, "score": 9.92790864984272e-06}], "22:30-37_313": [{"answer": "تشكرون", "rank": 1, "score": 1.7731203115545213e-05}, {"answer": "يناله التقوي", "rank": 2, "score": 3.3878923204611056e-06}, {"answer": "التقوي", "rank": 3, "score": 2.743970298979548e-06}, {"answer": "يناله التقوي", "rank": 4, "score": 1.3621400967167574e-06}, {"answer": "دماؤها ولكن يناله التقوي", "rank": 5, "score": 6.676368116131925e-07}], "24:30-31_348": [{"answer": "ولا يبدين زينتهن الا ما ظهر منها", "rank": 1, "score": 0.9834548234939575}, {"answer": "وليضربن بخمرهن علي جيوبهن", "rank": 2, "score": 4.8683377826819196e-05}, {"answer": "منها", "rank": 3, "score": 1.751381751091685e-05}, {"answer": "ولا يبدين زينتهن الا ما ظهر", "rank": 4, "score": 1.256540599570144e-05}, {"answer": "يبدين زينتهن الا ما ظهر منها", "rank": 5, "score": 3.933150765078608e-06}], "24:46-54_415": [{"answer": "المفلحون", "rank": 1, "score": 1.0977043530147057e-05}, {"answer": "الفائزون", "rank": 2, "score": 3.5146040318068117e-06}, {"answer": "المفلحون .", "rank": 3, "score": 9.569275789544918e-07}, {"answer": "الله ويتقه فاولئك هم الفائزون", "rank": 4, "score": 2.3813190352939273e-07}, {"answer": "ويتقه فاولئك هم الفائزون", "rank": 5, "score": 2.0028751634981745e-07}], "24:55-57_415": [{"answer": "واطيعوا الرسول لعلكم ترحمون", "rank": 1, "score": 0.950996994972229}, {"answer": "واطيعوا الرسول", "rank": 2, "score": 0.02622939832508564}, {"answer": "الزكاه واطيعوا الرسول لعلكم ترحمون", "rank": 3, "score": 0.008063689805567265}, {"answer": "واطيعوا الرسول", "rank": 4, "score": 0.007574944291263819}, {"answer": "واطيعوا الرسول لعلكم ترحمون", "rank": 5, "score": 0.0032293584663420916}], "24:62-64_415": [{"answer": "لواذا", "rank": 1, "score": 1.542729114589747e-05}, {"answer": "اليم", "rank": 2, "score": 2.5504323275526986e-06}, {"answer": "لواذا فليحذر الذين يخالفون عن امره", "rank": 3, "score": 3.5316654134476266e-07}, {"answer": "لواذا فليحذر", "rank": 4, "score": 1.6314338324718847e-07}, {"answer": "لواذا فليحذر الذين يخالفون عن", "rank": 5, "score": 1.0184299270576957e-07}], "25:45-55_304": [{"answer": "فلا تطع الكافرين", "rank": 1, "score": 0.9588543772697449}, {"answer": "تطع الكافرين", "rank": 2, "score": 0.02575877495110035}, {"answer": "فلا تطع الكافرين", "rank": 3, "score": 0.007474286947399378}, {"answer": "تطع الكافرين", "rank": 4, "score": 0.004211048129945993}, {"answer": "فلا تطع الكافرين", "rank": 5, "score": 0.001618259702809155}], "25:63-77_400": [{"answer": "اخر ولا يقتلون النفس التي حرم الله الا بالحق", "rank": 1, "score": 0.8137520551681519}, {"answer": "اخر ولا يقتلون النفس التي حرم الله الا بالحق", "rank": 2, "score": 0.01320497877895832}, {"answer": ". خالدين فيها حسنت مستقرا ومقاما", "rank": 3, "score": 0.003600746626034379}, {"answer": "وسلاما . خالدين فيها حسنت مستقرا ومقاما", "rank": 4, "score": 0.0024625968653708696}, {"answer": "خالدين فيها حسنت مستقرا ومقاما", "rank": 5, "score": 0.0013371779350563884}], "27:89-93_417": [{"answer": "القران", "rank": 1, "score": 1.1368203558959067e-05}, {"answer": "المنذرين", "rank": 2, "score": 4.736970367957838e-06}, {"answer": "القران فمن اهتدي فانما يهتدي لنفسه", "rank": 3, "score": 4.686216357185913e-07}, {"answer": "ضل فقل انما انا من المنذرين", "rank": 4, "score": 2.4550610078222235e-07}, {"answer": "لنفسه ومن ضل فقل انما انا من المنذرين", "rank": 5, "score": 2.2700385216012364e-07}], "29:61-69_313": [{"answer": "للكافرين . والذين جاهدوا فينا لنهدينهم", "rank": 1, "score": 0.8904810547828674}, {"answer": "للكافرين . والذين جاهدوا", "rank": 2, "score": 0.10320509225130081}, {"answer": "للكافرين . والذين جاهدوا فينا لنهدينهم", "rank": 3, "score": 0.0006059723673388362}, {"answer": "للكافرين . والذين جاهدوا فينا لنهدينهم", "rank": 4, "score": 0.00017153864610008895}, {"answer": "للكافرين . والذين جاهدوا فينا", "rank": 5, "score": 0.00011411985178710893}], "2:124-129_103": [{"answer": "يرفع ابراهيم", "rank": 1, "score": 0.9982991814613342}, {"answer": "يرفع ابراهيم", "rank": 2, "score": 0.0007884568185545504}, {"answer": "يرفع", "rank": 3, "score": 0.0005257065058685839}, {"answer": "يرفع ابراهيم", "rank": 4, "score": 0.0001482928782934323}, {"answer": "يرفع ابراهيم", "rank": 5, "score": 2.732703069341369e-05}], "2:151-153_415": [{"answer": "ارسلنا", "rank": 1, "score": 2.587962444522418e-05}, {"answer": "ويعلمكم الكتاب والحكمه", "rank": 2, "score": 2.162940290872939e-05}, {"answer": "ويعلمكم الكتاب والحكمه", "rank": 3, "score": 6.727432264597155e-06}, {"answer": "والحكمه", "rank": 4, "score": 1.7125504427895066e-06}, {"answer": "ارسلنا فيكم رسولا", "rank": 5, "score": 1.3578262496594107e-06}], "2:178-179_313": [{"answer": "باحسان", "rank": 1, "score": 1.576930117153097e-05}, {"answer": "فاتباع بالمعروف واداء اليه باحسان", "rank": 2, "score": 5.84985718887765e-06}, {"answer": "فمن", "rank": 3, "score": 1.6682892010067008e-06}, {"answer": "فاتباع بالمعروف واداء اليه باحسان", "rank": 4, "score": 1.2651179304157267e-06}, {"answer": "فمن عفي له من اخيه", "rank": 5, "score": 1.007327909974265e-06}], "2:178-179_400": [{"answer": "كتب", "rank": 1, "score": 9.504632544121705e-06}, {"answer": "بالانثي", "rank": 2, "score": 4.296307452023029e-06}, {"answer": "والانثي بالانثي", "rank": 3, "score": 4.920484570902772e-07}, {"answer": "كتب عليكم القصاص في القتلي الحر بالحر", "rank": 4, "score": 1.5116886231680837e-07}, {"answer": "كتب عليكم القصاص في القتلي", "rank": 5, "score": 1.372739006910706e-07}], "2:190-194_304": [{"answer": "وقاتلوا في سبيل الله الذين يقاتلونكم", "rank": 1, "score": 0.998124897480011}, {"answer": "وقاتلوا في سبيل الله", "rank": 2, "score": 0.0016233837231993675}, {"answer": "الذين يقاتلونكم", "rank": 3, "score": 0.00015276516205631196}, {"answer": "وقاتلوا", "rank": 4, "score": 7.51517745811725e-06}, {"answer": "يقاتلونكم", "rank": 5, "score": 3.6422004541236674e-06}], "2:190-194_400": [{"answer": "وقاتلوا في سبيل الله الذين يقاتلونكم", "rank": 1, "score": 0.9839792251586914}, {"answer": "وقاتلوا في سبيل الله", "rank": 2, "score": 0.01476274337619543}, {"answer": "الذين يقاتلونكم", "rank": 3, "score": 0.0011404264951124787}, {"answer": "يقاتلونكم", "rank": 4, "score": 3.1247611332219094e-05}, {"answer": "الله الذين يقاتلونكم", "rank": 5, "score": 2.460966061335057e-05}], "2:228-230_313": [{"answer": "باحسان", "rank": 1, "score": 1.9973063899669796e-05}, {"answer": "بمعروف او تسريح باحسان", "rank": 2, "score": 1.7280934798691305e-06}, {"answer": ".", "rank": 3, "score": 1.6274177596642403e-06}, {"answer": "باحسان", "rank": 4, "score": 1.0835957482413505e-06}, {"answer": "باحسان", "rank": 5, "score": 8.465248697575589e-07}], "2:233-233_132": [{"answer": "والوالدات يرضعن اولادهن حولين كاملين", "rank": 1, "score": 9.166945528704673e-05}, {"answer": "لمن اراد ان يتم الرضاعه", "rank": 2, "score": 1.2807018720195629e-05}, {"answer": "الرضاعه", "rank": 3, "score": 6.570056029886473e-06}, {"answer": "والوالدات", "rank": 4, "score": 3.601566731958883e-06}, {"answer": "يتم الرضاعه", "rank": 5, "score": 5.6724911701167e-07}], "2:234-237_313": [{"answer": "فريضه ومتعوهن علي الموسع قدره", "rank": 1, "score": 1.3434381799015682e-05}, {"answer": "فريضه", "rank": 2, "score": 6.968449270061683e-06}, {"answer": "المحسنين", "rank": 3, "score": 1.5974763982740114e-06}, {"answer": "فريضه ومتعوهن علي الموسع", "rank": 4, "score": 2.476760130321054e-07}, {"answer": "فريضه ومتعوهن علي الموسع", "rank": 5, "score": 2.2498353757782752e-07}], "2:243-245_400": [{"answer": "وقاتلوا في سبيل الله", "rank": 1, "score": 0.9958277940750122}, {"answer": "وقاتلوا في سبيل الله", "rank": 2, "score": 0.0038366939406841993}, {"answer": ". وقاتلوا في سبيل الله", "rank": 3, "score": 0.00013208914606366307}, {"answer": "وقاتلوا في سبيل", "rank": 4, "score": 0.0001152203039964661}, {"answer": "وقاتلوا", "rank": 5, "score": 4.303465175325982e-05}], "2:256-257_417": [{"answer": "لا اكراه في الدين", "rank": 1, "score": 0.9969205856323242}, {"answer": "اكراه في الدين", "rank": 2, "score": 1.417826752003748e-05}, {"answer": "لا اكراه في الدين قد تبين الرشد من الغي", "rank": 3, "score": 9.286335625802167e-06}, {"answer": "الدين", "rank": 4, "score": 3.7791066915815463e-06}, {"answer": "لا", "rank": 5, "score": 2.9620878194691613e-06}], "2:34-39_257": [{"answer": ". فازلهما الشيطان عنها", "rank": 1, "score": 0.010332631878554821}, {"answer": "فازلهما الشيطان عنها", "rank": 2, "score": 8.188604260794818e-05}, {"answer": "ولا", "rank": 3, "score": 4.065336906933226e-05}, {"answer": "عنها", "rank": 4, "score": 1.545335544506088e-05}, {"answer": "فازلهما الشيطان عنها", "rank": 5, "score": 1.3081315955787431e-05}], "2:83-86_313": [{"answer": "وبالوالدين", "rank": 1, "score": 5.9608712035696954e-05}, {"answer": "وبالوالدين", "rank": 2, "score": 5.1881834224332124e-05}, {"answer": "وبالوالدين احسانا", "rank": 3, "score": 1.5047974557091948e-05}, {"answer": "والمساكين", "rank": 4, "score": 2.612323896755697e-06}, {"answer": "وبالوالدين احسانا", "rank": 5, "score": 2.3765026071487227e-06}], "31:12-19_132": [{"answer": "وفصاله في عامين", "rank": 1, "score": 0.9805263876914978}, {"answer": "وفصاله في عامين", "rank": 2, "score": 0.01863981783390045}, {"answer": "وفصاله في", "rank": 3, "score": 0.0003587476094253361}, {"answer": "وهن وفصاله في عامين", "rank": 4, "score": 0.00027106062043458223}, {"answer": "وفصاله", "rank": 5, "score": 4.3794796511065215e-05}], "33:21-24_415": [{"answer": "لقد كان لكم في رسول الله اسوه حسنه", "rank": 1, "score": 0.9541329741477966}, {"answer": "لقد كان لكم في رسول الله", "rank": 2, "score": 6.700523954350501e-05}, {"answer": "كان لكم في رسول الله اسوه حسنه", "rank": 3, "score": 2.8382197342580184e-05}, {"answer": "لمن كان يرجو الله واليوم الاخر", "rank": 4, "score": 2.2122423615655862e-05}, {"answer": "لقد", "rank": 5, "score": 1.683799382590223e-05}], "33:25-27_400": [{"answer": "وانزل الذين ظاهروهم من اهل الكتاب", "rank": 1, "score": 0.9996548295021057}, {"answer": "وانزل الذين ظاهروهم من اهل الكتاب", "rank": 2, "score": 0.0002491000050213188}, {"answer": "الكتاب", "rank": 3, "score": 1.0712876246543601e-05}, {"answer": "وانزل الذين ظاهروهم من اهل الكتاب", "rank": 4, "score": 5.095237156638177e-06}, {"answer": "الذين ظاهروهم من اهل الكتاب", "rank": 5, "score": 4.757397164212307e-06}], "33:28-31_313": [{"answer": "كنتن تردن الله ورسوله والدار الاخره", "rank": 1, "score": 0.9980411529541016}, {"answer": "كنتن تردن الله ورسوله والدار الاخره", "rank": 2, "score": 0.001084030489437282}, {"answer": "كنتن تردن الله ورسوله والدار الاخره", "rank": 3, "score": 0.0002092643262585625}, {"answer": "وان كنتن تردن الله ورسوله والدار الاخره", "rank": 4, "score": 0.00012649672862607986}, {"answer": "تردن الله ورسوله والدار الاخره", "rank": 5, "score": 5.969990888843313e-05}], "33:32-34_348": [{"answer": "ولا تبرجن تبرج الجاهليه الاولي", "rank": 1, "score": 0.9784517288208008}, {"answer": "ولا تبرجن تبرج الجاهليه الاولي", "rank": 2, "score": 0.019445117563009262}, {"answer": "بيوتكن ولا تبرجن تبرج الجاهليه الاولي", "rank": 3, "score": 0.0008983042207546532}, {"answer": "ولا تبرجن تبرج الجاهليه الاولي", "rank": 4, "score": 0.0006224338430911303}, {"answer": "الاولي", "rank": 5, "score": 0.00010253537038806826}], "33:36-40_415": [{"answer": "امرهم", "rank": 1, "score": 0.00012351447367109358}, {"answer": "وما", "rank": 2, "score": 6.8198974076949526e-06}, {"answer": "وما كان لمؤمن ولا مؤمنه", "rank": 3, "score": 1.947688588188612e-07}, {"answer": "ان يكون لهم الخيره من امرهم", "rank": 4, "score": 3.9971084220269404e-08}, {"answer": "لهم الخيره من امرهم", "rank": 5, "score": 3.148168303823695e-08}], "33:53-55_348": [{"answer": "ذلكم اطهر لقلوبكم وقلوبهن وما", "rank": 1, "score": 0.999461829662323}, {"answer": "ذلكم اطهر لقلوبكم وقلوبهن وما", "rank": 2, "score": 0.00027327085263095796}, {"answer": "وما", "rank": 3, "score": 9.725984273245558e-05}, {"answer": "ذلكم", "rank": 4, "score": 3.5621698771137744e-05}, {"answer": "اطهر لقلوبكم وقلوبهن وما", "rank": 5, "score": 1.5564237401122227e-06}], "33:56-59_348": [{"answer": "جلابيبهن ذلك ادني ان يعرفن فلا يؤذين", "rank": 1, "score": 0.9698489904403687}, {"answer": "جلابيبهن ذلك ادني ان يعرفن فلا يؤذين", "rank": 2, "score": 0.013099593110382557}, {"answer": "جلابيبهن ذلك ادني ان يعرفن فلا يؤذين", "rank": 3, "score": 0.0007308672647923231}, {"answer": "ذلك ادني ان يعرفن فلا يؤذين", "rank": 4, "score": 1.607109334145207e-05}, {"answer": "يؤذين", "rank": 5, "score": 1.2464922292565461e-05}], "33:60-62_400": [{"answer": "لنغرينك بهم", "rank": 1, "score": 0.0013346836203709245}, {"answer": "بهم", "rank": 2, "score": 2.2946318495087326e-05}, {"answer": "لئن", "rank": 3, "score": 3.8940925151109695e-06}, {"answer": "والمرجفون في المدينه لنغرينك بهم", "rank": 4, "score": 1.5840728906368895e-07}, {"answer": "المدينه لنغرينك بهم", "rank": 5, "score": 1.280739638787054e-07}], "33:69-71_415": [{"answer": "ذنوبكم ومن يطع الله ورسوله فقد فاز فوزا عظيما", "rank": 1, "score": 0.0003707622236106545}, {"answer": "عظيما", "rank": 2, "score": 2.6122877898160368e-05}, {"answer": "ومن يطع الله ورسوله فقد فاز فوزا عظيما", "rank": 3, "score": 1.818795317376498e-05}, {"answer": "ذنوبكم", "rank": 4, "score": 4.496942437981488e-06}, {"answer": "يطع الله ورسوله فقد فاز فوزا عظيما", "rank": 5, "score": 5.792209663013637e-07}], "39:11-20_373": [{"answer": ". وامرت لان اكون اول المسلمين", "rank": 1, "score": 0.00019484087533783168}, {"answer": "المسلمين", "rank": 2, "score": 0.000177067777258344}, {"answer": "قل", "rank": 3, "score": 7.142309186747298e-05}, {"answer": "اول المسلمين", "rank": 4, "score": 8.205321137211286e-06}, {"answer": "قل اني امرت", "rank": 5, "score": 1.642184344063935e-07}], "39:32-37_313": [{"answer": "والذي جاء بالصدق وصدق به", "rank": 1, "score": 0.8954569101333618}, {"answer": ". والذي جاء بالصدق وصدق به", "rank": 2, "score": 0.007626212667673826}, {"answer": "والذي", "rank": 3, "score": 1.4624525647377595e-05}, {"answer": "وصدق به", "rank": 4, "score": 2.954436922664172e-06}, {"answer": "بالصدق وصدق به", "rank": 5, "score": 2.3349596176558407e-06}], "39:38-41_417": [{"answer": "عليها", "rank": 1, "score": 4.611760232364759e-05}, {"answer": "بالحق فمن اهتدي فلنفسه", "rank": 2, "score": 1.5348619854194112e-05}, {"answer": "بالحق", "rank": 3, "score": 2.0625627712433925e-06}, {"answer": "بالحق فمن اهتدي فلنفسه", "rank": 4, "score": 8.520048027094163e-07}, {"answer": "بالحق فمن اهتدي فلنفسه", "rank": 5, "score": 3.0681036378155113e-07}], "39:9-10_313": [{"answer": ".", "rank": 1, "score": 2.036385194514878e-05}, {"answer": "ربكم", "rank": 2, "score": 9.948010301741306e-06}, {"answer": "يا عباد الذين امنوا اتقوا ربكم", "rank": 3, "score": 7.916140020824969e-06}, {"answer": "الذين امنوا اتقوا ربكم", "rank": 4, "score": 5.9220096773060504e-06}, {"answer": ". قل يا عباد الذين امنوا اتقوا", "rank": 5, "score": 6.232062901290192e-07}], "3:130-136_415": [{"answer": ". واطيعوا الله والرسول", "rank": 1, "score": 0.9962381720542908}, {"answer": "واطيعوا الله والرسول", "rank": 2, "score": 0.002285398542881012}, {"answer": ". واطيعوا الله والرسول", "rank": 3, "score": 0.001405741786584258}, {"answer": ".", "rank": 4, "score": 2.1012172510381788e-05}, {"answer": "والرسول", "rank": 5, "score": 1.2300144589971751e-05}], "3:145-148_313": [{"answer": "الكافرين", "rank": 1, "score": 3.4016629797406495e-05}, {"answer": ".", "rank": 2, "score": 5.388521913118893e-06}, {"answer": "علي القوم الكافرين", "rank": 3, "score": 9.149913466899307e-07}, {"answer": "القوم الكافرين", "rank": 4, "score": 6.799456855333119e-07}, {"answer": "وثبت اقدامنا وانصرنا علي القوم الكافرين", "rank": 5, "score": 5.307485366756737e-07}], "3:164-165_415": [{"answer": "لقد", "rank": 1, "score": 4.313439148972975e-06}, {"answer": "ويعلمهم الكتاب والحكمه", "rank": 2, "score": 2.4061471322056605e-06}, {"answer": "والحكمه", "rank": 3, "score": 2.1667233340849634e-06}, {"answer": "ويزكيهم ويعلمهم الكتاب والحكمه", "rank": 4, "score": 5.235615390120074e-07}, {"answer": "لقد من الله علي المؤمنين", "rank": 5, "score": 8.843337440112009e-08}], "3:169-175_313": [{"answer": "المؤمنين . الذين استجابوا لله والرسول", "rank": 1, "score": 2.3028176656225696e-05}, {"answer": "المؤمنين", "rank": 2, "score": 1.585153404448647e-05}, {"answer": "القرح", "rank": 3, "score": 8.257567060354631e-06}, {"answer": "اصابهم القرح", "rank": 4, "score": 5.116811280458933e-06}, {"answer": "المؤمنين . الذين استجابوا لله والرسول", "rank": 5, "score": 8.332306151714874e-07}], "3:30-32_415": [{"answer": ". قل اطيعوا الله والرسول", "rank": 1, "score": 0.999870777130127}, {"answer": ".", "rank": 2, "score": 1.126236475101905e-05}, {"answer": ". قل اطيعوا الله والرسول", "rank": 3, "score": 7.129396180971526e-06}, {"answer": "قل اطيعوا الله والرسول", "rank": 4, "score": 6.241103619686328e-06}, {"answer": "الله والرسول", "rank": 5, "score": 6.035313163010869e-06}], "41:13-18_236": [{"answer": ".", "rank": 1, "score": 3.2354433642467484e-05}, {"answer": "نحسات", "rank": 2, "score": 6.90598608343862e-06}, {"answer": "نحسات", "rank": 3, "score": 1.418413603460067e-06}, {"answer": ". فارسلنا عليهم ريحا صرصرا", "rank": 4, "score": 1.1027855180145707e-06}, {"answer": ". فارسلنا عليهم ريحا", "rank": 5, "score": 4.4208297822478926e-07}], "41:33-36_313": [{"answer": "ممن دعا الي الله وعمل صالحا وقال انني من المسلمين", "rank": 1, "score": 0.9984019994735718}, {"answer": "ممن دعا الي الله وعمل صالحا", "rank": 2, "score": 0.00024711695732548833}, {"answer": "ممن", "rank": 3, "score": 1.9241037080064416e-05}, {"answer": "المسلمين", "rank": 4, "score": 1.396928018948529e-05}, {"answer": "دعا الي الله وعمل صالحا وقال انني من المسلمين", "rank": 5, "score": 8.993923984235153e-06}], "46:15-18_132": [{"answer": "وحمله وفصاله ثلاثون شهرا حتي", "rank": 1, "score": 0.9859509468078613}, {"answer": "وحمله وفصاله ثلاثون شهرا", "rank": 2, "score": 0.002925626467913389}, {"answer": "ثلاثون شهرا حتي", "rank": 3, "score": 0.00021951031521894038}, {"answer": "وحمله وفصاله ثلاثون شهرا حتي", "rank": 4, "score": 0.00015296239871531725}, {"answer": "وحمله وفصاله", "rank": 5, "score": 4.9028250941773877e-05}], "46:15-18_313": [{"answer": "وصينا الانسان بوالديه احسانا حملته", "rank": 1, "score": 0.9937288165092468}, {"answer": "وصينا الانسان بوالديه احسانا حملته", "rank": 2, "score": 0.006141497753560543}, {"answer": "حملته", "rank": 3, "score": 3.852937152259983e-05}, {"answer": "احسانا حملته", "rank": 4, "score": 1.9826582501991652e-05}, {"answer": "وصينا", "rank": 5, "score": 1.1152596925967373e-05}], "46:21-25_236": [{"answer": "به ريح فيها عذاب اليم", "rank": 1, "score": 0.0011384239187464118}, {"answer": "به ريح فيها عذاب اليم", "rank": 2, "score": 0.0004915079334750772}, {"answer": "مساكنهم", "rank": 3, "score": 6.7448222580424044e-06}, {"answer": "به", "rank": 4, "score": 3.0379037525563035e-06}, {"answer": "به ريح فيها", "rank": 5, "score": 5.290854119266442e-07}], "47:1-6_304": [{"answer": "لقيتم الذين كفروا", "rank": 1, "score": 0.9918498992919922}, {"answer": "لقيتم الذين كفروا", "rank": 2, "score": 0.006951444782316685}, {"answer": "الذين كفروا", "rank": 3, "score": 0.0008623342146165669}, {"answer": "لقيتم الذين كفروا", "rank": 4, "score": 2.9283506592037156e-05}, {"answer": ". فاذا لقيتم الذين كفروا", "rank": 5, "score": 2.148663770640269e-05}], "47:1-6_400": [{"answer": "اوزارها", "rank": 1, "score": 4.057547994307242e-05}, {"answer": "تضع الحرب اوزارها", "rank": 2, "score": 2.257127380289603e-05}, {"answer": "تضع الحرب اوزارها", "rank": 3, "score": 3.167345312249381e-06}, {"answer": "فداء حتي تضع الحرب اوزارها", "rank": 4, "score": 8.623858889222902e-07}, {"answer": "اوزارها", "rank": 5, "score": 5.956415520813607e-07}], "47:33-38_415": [{"answer": "يا ايها الذين امنوا اطيعوا الله", "rank": 1, "score": 0.0007413392304442823}, {"answer": "اطيعوا الله واطيعوا الرسول", "rank": 2, "score": 0.0005589447100646794}, {"answer": "الرسول", "rank": 3, "score": 9.60856687015621e-06}, {"answer": "واطيعوا الرسول", "rank": 4, "score": 3.4013305594271515e-06}, {"answer": "يا", "rank": 5, "score": 2.219790303570335e-06}], "48:16-17_415": [{"answer": "اليما", "rank": 1, "score": 1.369946858176263e-05}, {"answer": "ومن", "rank": 2, "score": 6.0497109188872855e-06}, {"answer": "الانهار ومن يتول يعذبه عذابا اليما", "rank": 3, "score": 1.3375300795814837e-06}, {"answer": "ومن يتول يعذبه عذابا اليما", "rank": 4, "score": 1.2435659755283268e-06}, {"answer": "ومن يطع الله ورسوله", "rank": 5, "score": 8.388436754103168e-07}], "49:6-8_415": [{"answer": "لعنتم", "rank": 1, "score": 4.015216472907923e-05}, {"answer": "واعلموا", "rank": 2, "score": 3.0002040602994384e-06}, {"answer": "لو يطيعكم في كثير من الامر لعنتم", "rank": 3, "score": 1.0865770718737622e-06}, {"answer": "لعنتم", "rank": 4, "score": 7.528983019255975e-07}, {"answer": "في كثير من الامر لعنتم", "rank": 5, "score": 2.3806458671060682e-07}], "49:9-10_400": [{"answer": "الله", "rank": 1, "score": 8.159047865774482e-06}, {"answer": "وان", "rank": 2, "score": 1.96768132809666e-06}, {"answer": "التي تبغي حتي تفيء الي امر الله", "rank": 3, "score": 1.847261842158332e-06}, {"answer": "تفيء الي امر الله", "rank": 4, "score": 5.750254103986663e-07}, {"answer": "فقاتلوا التي تبغي حتي تفيء الي امر الله", "rank": 5, "score": 8.832776643430407e-08}], "4:12-14_415": [{"answer": "العظيم", "rank": 1, "score": 1.5560661267954856e-05}, {"answer": "ومن", "rank": 2, "score": 5.2566260819730815e-06}, {"answer": "الفوز العظيم", "rank": 3, "score": 1.0048106702242876e-07}, {"answer": "فيها وذلك الفوز العظيم", "rank": 4, "score": 8.883064595011092e-08}, {"answer": "وذلك الفوز العظيم", "rank": 5, "score": 7.625033049407648e-08}], "4:122-126_313": [{"answer": "دينا ممن اسلم وجهه لله وهو محسن", "rank": 1, "score": 0.054110679775476456}, {"answer": "ممن اسلم وجهه لله وهو محسن", "rank": 2, "score": 0.0001275634131161496}, {"answer": ". ومن احسن دينا", "rank": 3, "score": 4.924277527607046e-05}, {"answer": ". ومن احسن دينا", "rank": 4, "score": 4.360858292784542e-05}, {"answer": "محسن", "rank": 5, "score": 1.905955832626205e-05}], "4:36-40_313": [{"answer": "وبالوالدين", "rank": 1, "score": 8.96905839908868e-06}, {"answer": "ايمانكم", "rank": 2, "score": 7.153300884965574e-06}, {"answer": "وبالوالدين احسانا", "rank": 3, "score": 5.467562118610658e-07}, {"answer": "وبالوالدين", "rank": 4, "score": 4.739340511150658e-07}, {"answer": "وبالوالدين احسانا وبذي", "rank": 5, "score": 5.306667816284971e-08}], "4:58-59_415": [{"answer": "اطيعوا الله واطيعوا الرسول", "rank": 1, "score": 5.38731474080123e-05}, {"answer": ".", "rank": 2, "score": 1.0533761269471142e-05}, {"answer": "الرسول", "rank": 3, "score": 6.798338290536776e-06}, {"answer": ". يا ايها الذين امنوا اطيعوا الله", "rank": 4, "score": 5.137418611411704e-06}, {"answer": "امنوا اطيعوا الله واطيعوا الرسول", "rank": 5, "score": 7.030752726677747e-07}], "4:64-65_415": [{"answer": ".", "rank": 1, "score": 9.899574251903687e-06}, {"answer": "تسليما", "rank": 2, "score": 2.6325312774133636e-06}, {"answer": "قضيت ويسلموا تسليما", "rank": 3, "score": 3.4924249803225393e-07}, {"answer": "مما قضيت ويسلموا تسليما", "rank": 4, "score": 2.120397084581782e-07}, {"answer": "حرجا مما قضيت ويسلموا تسليما", "rank": 5, "score": 2.0258805477624264e-07}], "4:66-70_415": [{"answer": "عليهم", "rank": 1, "score": 6.433429371099919e-05}, {"answer": ".", "rank": 2, "score": 7.14385942046647e-06}, {"answer": ". ومن يطع الله والرسول", "rank": 3, "score": 6.719878911098931e-06}, {"answer": "والرسول فاولئك مع الذين انعم الله عليهم", "rank": 4, "score": 3.390896665678156e-07}, {"answer": "الله والرسول فاولئك مع الذين انعم الله عليهم", "rank": 5, "score": 3.084641662098875e-07}], "4:74-76_400": [{"answer": ". الذين امنوا يقاتلون في سبيل الله", "rank": 1, "score": 0.9897286295890808}, {"answer": "الله", "rank": 2, "score": 2.214982669102028e-05}, {"answer": ".", "rank": 3, "score": 5.014459020458162e-06}, {"answer": "امنوا يقاتلون في سبيل الله", "rank": 4, "score": 2.242147047581966e-06}, {"answer": "الذين امنوا يقاتلون في سبيل الله", "rank": 5, "score": 1.3671583474206273e-06}], "4:80-84_400": [{"answer": "قليلا . فقاتل في سبيل الله", "rank": 1, "score": 0.9981658458709717}, {"answer": "قليلا . فقاتل في سبيل", "rank": 2, "score": 0.0011454526102170348}, {"answer": "قليلا . فقاتل في سبيل الله", "rank": 3, "score": 0.00024652661522850394}, {"answer": "الله", "rank": 4, "score": 0.00017197190027218312}, {"answer": ". فقاتل في سبيل الله", "rank": 5, "score": 0.000125585836940445}], "4:80-84_415": [{"answer": "من يطع الرسول فقد اطاع الله", "rank": 1, "score": 0.9995642900466919}, {"answer": "الله", "rank": 2, "score": 1.824173523345962e-05}, {"answer": "فقد اطاع الله", "rank": 3, "score": 1.1077241651946679e-05}, {"answer": "يطع الرسول فقد اطاع الله", "rank": 4, "score": 6.235110049601644e-06}, {"answer": "من يطع الرسول فقد اطاع الله ومن تولي", "rank": 5, "score": 2.673225480975816e-06}], "4:88-91_304": [{"answer": "المنافقين", "rank": 1, "score": 0.9998807907104492}, {"answer": "المنافقين", "rank": 2, "score": 3.8464957469841465e-05}, {"answer": "المنافقين", "rank": 3, "score": 1.7030803064699285e-05}, {"answer": "المنافقين", "rank": 4, "score": 1.530120789539069e-05}, {"answer": "المنافقين", "rank": 5, "score": 7.81916969572194e-06}], "4:88-91_400": [{"answer": "يهاجروا في سبيل الله", "rank": 1, "score": 1.7672824469627813e-05}, {"answer": ".", "rank": 2, "score": 1.39218345793779e-05}, {"answer": "نصيرا", "rank": 3, "score": 5.374300599214621e-06}, {"answer": "ولا تتخذوا منهم وليا ولا نصيرا", "rank": 4, "score": 2.0812012735405006e-07}, {"answer": "ولا نصيرا", "rank": 5, "score": 1.908033482322935e-07}], "51:38-46_236": [{"answer": "كالرميم", "rank": 1, "score": 3.577185998437926e-05}, {"answer": "اذ", "rank": 2, "score": 2.08585388463689e-05}, {"answer": "اذ ارسلنا عليهم الريح العقيم", "rank": 3, "score": 3.879794803651748e-06}, {"answer": "اذ ارسلنا عليهم الريح العقيم", "rank": 4, "score": 1.2251132375240559e-06}, {"answer": "اذ ارسلنا عليهم الريح العقيم", "rank": 5, "score": 8.06933485364425e-07}], "53:31-41_313": [{"answer": ".", "rank": 1, "score": 1.9222989067202434e-05}, {"answer": "اللمم", "rank": 2, "score": 6.5081876527983695e-06}, {"answer": ". الذين يجتنبون كبائر الاثم", "rank": 3, "score": 1.7570957879797788e-06}, {"answer": "كبائر الاثم والفواحش الا اللمم", "rank": 4, "score": 4.94921096105827e-07}, {"answer": ". الذين يجتنبون كبائر الاثم", "rank": 5, "score": 2.2414552347527206e-07}], "54:18-22_236": [{"answer": ". تنزع الناس كانهم اعجاز نخل منقعر", "rank": 1, "score": 0.00042645708890631795}, {"answer": "تنزع الناس كانهم اعجاز نخل منقعر", "rank": 2, "score": 9.594657967681997e-06}, {"answer": "منقعر", "rank": 3, "score": 8.68275310494937e-06}, {"answer": "اعجاز نخل منقعر", "rank": 4, "score": 6.240285529202083e-06}, {"answer": ". تنزع الناس كانهم اعجاز نخل منقعر", "rank": 5, "score": 3.4558870538603514e-06}], "58:12-13_415": [{"answer": "واطيعوا الله ورسوله", "rank": 1, "score": 0.9992383122444153}, {"answer": "واطيعوا", "rank": 2, "score": 6.290647434070706e-05}, {"answer": "واطيعوا الله ورسوله", "rank": 3, "score": 5.696026164514478e-06}, {"answer": "ورسوله", "rank": 4, "score": 4.910323696094565e-06}, {"answer": "واطيعوا الله ورسوله", "rank": 5, "score": 1.8820276181941153e-06}], "59:6-7_415": [{"answer": "وما اتاكم الرسول فخذوه وما نهاكم عنه", "rank": 1, "score": 0.00010423820640426129}, {"answer": "فانتهوا", "rank": 2, "score": 4.3430907680885866e-05}, {"answer": "وما اتاكم الرسول فخذوه", "rank": 3, "score": 2.9625696697621606e-05}, {"answer": "وما اتاكم الرسول فخذوه وما نهاكم عنه فانتهوا", "rank": 4, "score": 4.4526423153001815e-06}, {"answer": "وما", "rank": 5, "score": 1.8351023527429788e-06}], "5:103-105_415": [{"answer": "لهم", "rank": 1, "score": 0.0001333085965598002}, {"answer": "الرسول", "rank": 2, "score": 3.1678466712037334e-06}, {"answer": "لهم تعالوا الي ما انزل الله والي الرسول", "rank": 3, "score": 2.93167704512598e-06}, {"answer": "تعالوا الي ما انزل الله والي الرسول", "rank": 4, "score": 2.4353830667678267e-06}, {"answer": "لهم تعالوا الي ما انزل الله والي الرسول", "rank": 5, "score": 1.7403959873263375e-07}], "5:12-13_313": [{"answer": "المحسنين", "rank": 1, "score": 1.6142610547831282e-05}, {"answer": "فاعف", "rank": 2, "score": 1.4068936252442654e-05}, {"answer": "فاعف عنهم واصفح ان الله يحب المحسنين", "rank": 3, "score": 1.0428249879623763e-05}, {"answer": "منهم", "rank": 4, "score": 3.588879053495475e-06}, {"answer": "منهم فاعف", "rank": 5, "score": 2.3383031475532334e-06}], "5:32-34_400": [{"answer": "جزاء الذين يحاربون الله ورسوله", "rank": 1, "score": 0.9972172379493713}, {"answer": "الذين يحاربون الله ورسوله", "rank": 2, "score": 0.0026186758186668158}, {"answer": "جزاء الذين يحاربون الله ورسوله", "rank": 3, "score": 9.081025382329244e-06}, {"answer": ". انما جزاء الذين يحاربون الله ورسوله", "rank": 4, "score": 6.639797447860474e-06}, {"answer": "ورسوله", "rank": 5, "score": 6.503248641820392e-06}], "5:44-47_351": [{"answer": "الكافرون", "rank": 1, "score": 5.903376586502418e-05}, {"answer": "ومن لم يحكم بما انزل الله فاولئك هم الكافرون", "rank": 2, "score": 1.8204960724688135e-05}, {"answer": "ومن لم يحكم بما انزل الله فاولئك هم الكافرون", "rank": 3, "score": 1.9270116808911553e-06}, {"answer": "الكافرون", "rank": 4, "score": 1.2185947753096116e-06}, {"answer": "الكافرون", "rank": 5, "score": 1.2118590575482813e-06}], "5:82-86_313": [{"answer": "الشاهدين", "rank": 1, "score": 1.2846536264987662e-05}, {"answer": "الشاهدين", "rank": 2, "score": 1.2090856671420624e-06}, {"answer": "الشاهدين", "rank": 3, "score": 9.917537227011053e-07}, {"answer": "فاكتبنا مع الشاهدين", "rank": 4, "score": 9.397081157658249e-07}, {"answer": "مع الشاهدين", "rank": 5, "score": 9.017834372571087e-07}], "5:90-93_415": [{"answer": ". واطيعوا الله واطيعوا الرسول", "rank": 1, "score": 0.9918271899223328}, {"answer": ". واطيعوا الله واطيعوا الرسول", "rank": 2, "score": 0.007863868959248066}, {"answer": ". واطيعوا الله واطيعوا الرسول", "rank": 3, "score": 0.00024354111519642174}, {"answer": "واطيعوا الله واطيعوا الرسول", "rank": 4, "score": 1.4656680832558777e-05}, {"answer": ".", "rank": 5, "score": 9.329814020020422e-06}], "64:11-13_415": [{"answer": "واطيعوا الله واطيعوا الرسول", "rank": 1, "score": 0.9984181523323059}, {"answer": "واطيعوا الله واطيعوا الرسول", "rank": 2, "score": 0.0014416411286219954}, {"answer": "واطيعوا", "rank": 3, "score": 4.423659993335605e-05}, {"answer": ". واطيعوا الله واطيعوا الرسول", "rank": 4, "score": 1.7757924069883302e-05}, {"answer": "واطيعوا الله واطيعوا الرسول", "rank": 5, "score": 1.30313346744515e-05}], "66:8-9_304": [{"answer": "جاهد الكفار والمنافقين", "rank": 1, "score": 0.7823718190193176}, {"answer": "جاهد الكفار والمنافقين", "rank": 2, "score": 0.08189276605844498}, {"answer": "الكفار والمنافقين", "rank": 3, "score": 0.079501673579216}, {"answer": "النبي جاهد الكفار والمنافقين", "rank": 4, "score": 0.03203665465116501}, {"answer": "الكفار والمنافقين", "rank": 5, "score": 0.008321634493768215}], "69:1-8_236": [{"answer": "فاهلكوا بريح", "rank": 1, "score": 0.0004475013120099902}, {"answer": "فاهلكوا", "rank": 2, "score": 0.00011318673932692036}, {"answer": "فاهلكوا", "rank": 3, "score": 8.115362288663164e-05}, {"answer": "فاهلكوا بريح", "rank": 4, "score": 1.1241574611631222e-05}, {"answer": "فاهلكوا بريح صرصر", "rank": 5, "score": 1.018430066324072e-05}], "6:161-163_373": [{"answer": "امرت وانا اول المسلمين", "rank": 1, "score": 0.9990939497947693}, {"answer": "امرت وانا اول المسلمين", "rank": 2, "score": 0.0003447971830610186}, {"answer": "المسلمين", "rank": 3, "score": 0.00028086468228138983}, {"answer": "امرت وانا اول", "rank": 4, "score": 0.00011141706636408344}, {"answer": "امرت", "rank": 5, "score": 5.5429438361898065e-05}], "73:15-19_386": [{"answer": ".", "rank": 1, "score": 0.00028953899163752794}, {"answer": "شيبا", "rank": 2, "score": 5.378246714826673e-05}, {"answer": "شيبا", "rank": 3, "score": 1.8934784975499497e-06}, {"answer": "يجعل الولدان شيبا", "rank": 4, "score": 1.3978102515466162e-06}, {"answer": ". فكيف تتقون ان كفرتم", "rank": 5, "score": 6.093755473557394e-07}], "7:157-158_415": [{"answer": "فالذين", "rank": 1, "score": 6.06607227382483e-06}, {"answer": "المفلحون", "rank": 2, "score": 3.27849170389527e-06}, {"answer": "فالذين امنوا به وعزروه ونصروه", "rank": 3, "score": 1.2301515539547836e-07}, {"answer": "اولئك هم المفلحون", "rank": 4, "score": 5.164790550793441e-08}, {"answer": "المفلحون", "rank": 5, "score": 3.789756775063324e-08}], "7:19-25_257": [{"answer": "فوسوس", "rank": 1, "score": 1.3782130736217368e-05}, {"answer": "مبين", "rank": 2, "score": 6.835980912001105e-06}, {"answer": "فوسوس لهما الشيطان", "rank": 3, "score": 1.301342081205803e-06}, {"answer": "فوسوس لهما الشيطان", "rank": 4, "score": 1.072417717296048e-06}, {"answer": "واقل لكما ان الشيطان لكما عدو مبين", "rank": 5, "score": 2.1864272525817796e-07}], "7:54-56_313": [{"answer": ".", "rank": 1, "score": 1.8423612345941365e-05}, {"answer": "ان رحمت الله قريب من المحسنين", "rank": 2, "score": 7.09890628058929e-06}, {"answer": "المحسنين", "rank": 3, "score": 7.052528417261783e-06}, {"answer": "ان رحمت الله قريب من المحسنين", "rank": 4, "score": 1.0871398217204842e-06}, {"answer": "المحسنين", "rank": 5, "score": 1.0800374639075017e-06}], "8:20-26_415": [{"answer": "يا ايها الذين امنوا اطيعوا الله ورسوله", "rank": 1, "score": 0.0007808365626260638}, {"answer": "اطيعوا الله ورسوله ولا تولوا عنه", "rank": 2, "score": 7.012786954874173e-05}, {"answer": "عنه", "rank": 3, "score": 1.4284686585597228e-05}, {"answer": "يا", "rank": 4, "score": 7.492370968975592e-06}, {"answer": "يا ايها الذين امنوا اطيعوا", "rank": 5, "score": 8.138450766637106e-07}], "8:38-40_400": [{"answer": "وقاتلوهم", "rank": 1, "score": 4.908252230961807e-05}, {"answer": "حتي لا تكون فتنه ويكون الدين كله لله", "rank": 2, "score": 2.427131221338641e-06}, {"answer": "لا تكون فتنه ويكون الدين كله لله", "rank": 3, "score": 2.3517923182225786e-06}, {"answer": "وقاتلوهم", "rank": 4, "score": 1.1338389640513924e-06}, {"answer": "لله", "rank": 5, "score": 1.1330001825626823e-06}], "8:62-66_304": [{"answer": "من الذين كفروا", "rank": 1, "score": 0.9927706718444824}, {"answer": "من الذين كفروا", "rank": 2, "score": 0.0044358097948133945}, {"answer": "من الذين كفروا", "rank": 3, "score": 0.001274347072467208}, {"answer": "الذين كفروا", "rank": 4, "score": 0.0006756326765753329}, {"answer": "من", "rank": 5, "score": 6.945893983356655e-05}], "9:1-6_304": [{"answer": "فاقتلوا المشركين", "rank": 1, "score": 0.975543737411499}, {"answer": "فاقتلوا المشركين", "rank": 2, "score": 0.019220020622015}, {"answer": "فاقتلوا المشركين", "rank": 3, "score": 0.0022257035598158836}, {"answer": "فاقتلوا المشركين", "rank": 4, "score": 0.0006943420739844441}, {"answer": "انسلخ الاشهر الحرم فاقتلوا المشركين", "rank": 5, "score": 0.0005436394130811095}], "9:1-6_400": [{"answer": "المتقين", "rank": 1, "score": 1.2920988410769496e-05}, {"answer": "مرصد", "rank": 2, "score": 3.0213079753593775e-06}, {"answer": "المتقين", "rank": 3, "score": 2.3091852199286222e-06}, {"answer": "المتقين", "rank": 4, "score": 1.5591416513416334e-06}, {"answer": "كل مرصد", "rank": 5, "score": 4.0168058035305876e-07}], "9:100-102_313": [{"answer": "باحسان", "rank": 1, "score": 0.00013507048424798995}, {"answer": "باحسان", "rank": 2, "score": 4.387732042232528e-05}, {"answer": "والسابقون الاولون من المهاجرين والانصار", "rank": 3, "score": 2.9353743229876272e-05}, {"answer": "باحسان", "rank": 4, "score": 9.971290637622587e-06}, {"answer": "والذين اتبعوهم باحسان", "rank": 5, "score": 7.717431799392216e-06}], "9:117-121_313": [{"answer": "صالح", "rank": 1, "score": 2.4241135179181583e-05}, {"answer": "كتب لهم به عمل صالح", "rank": 2, "score": 2.5484264369879384e-06}, {"answer": "لهم به عمل صالح", "rank": 3, "score": 1.6882329418876907e-06}, {"answer": "الصادقين", "rank": 4, "score": 6.369455718413519e-07}, {"answer": "الا كتب لهم به عمل صالح", "rank": 5, "score": 4.034361893445748e-07}], "9:12-16_400": [{"answer": "فقاتلوا ائمه الكفر", "rank": 1, "score": 0.0192390289157629}, {"answer": "الكفر", "rank": 2, "score": 1.938719469762873e-05}, {"answer": "فقاتلوا ائمه الكفر", "rank": 3, "score": 6.5598201217653695e-06}, {"answer": "ائمه الكفر", "rank": 4, "score": 3.568318788893521e-06}, {"answer": "وان نكثوا ايمانهم من بعد عهدهم", "rank": 5, "score": 2.2828376131656114e-06}], "9:122-123_400": [{"answer": "امنوا قاتلوا الذين يلونكم من الكفار", "rank": 1, "score": 0.9995204210281372}, {"answer": "امنوا", "rank": 2, "score": 0.0001474772725487128}, {"answer": "امنوا قاتلوا الذين يلونكم من الكفار", "rank": 3, "score": 0.00014637160347774625}, {"answer": "قاتلوا الذين يلونكم من الكفار", "rank": 4, "score": 6.172523717395961e-05}, {"answer": "امنوا قاتلوا الذين يلونكم من الكفار", "rank": 5, "score": 1.893989792733919e-05}], "9:28-29_400": [{"answer": "صاغرون", "rank": 1, "score": 4.688223998527974e-05}, {"answer": "يعطوا الجزيه عن يد وهم صاغرون", "rank": 2, "score": 4.477190032048384e-06}, {"answer": "حتي يعطوا الجزيه عن يد وهم صاغرون", "rank": 3, "score": 2.4756536731729284e-06}, {"answer": ".", "rank": 4, "score": 1.5111849052118487e-06}, {"answer": "يعطوا الجزيه عن يد وهم صاغرون", "rank": 5, "score": 9.684541737442487e-07}], "9:36-37_400": [{"answer": "وقاتلوا المشركين كافه", "rank": 1, "score": 0.00839113350957632}, {"answer": "وقاتلوا المشركين كافه", "rank": 2, "score": 7.910136628197506e-05}, {"answer": "كافه", "rank": 3, "score": 3.3025939046638086e-05}, {"answer": "يقاتلونكم كافه", "rank": 4, "score": 2.5887459287332604e-06}, {"answer": "وقاتلوا", "rank": 5, "score": 1.7536220866531949e-06}], "9:60-61_316": [{"answer": "وابن السبيل", "rank": 1, "score": 4.916581747238524e-05}, {"answer": "للفقراء", "rank": 2, "score": 3.7111884012119845e-05}, {"answer": "السبيل", "rank": 3, "score": 8.878186235961039e-06}, {"answer": "للفقراء", "rank": 4, "score": 2.5956703666452086e-06}, {"answer": "للفقراء والمساكين والعاملين عليها", "rank": 5, "score": 2.1777630081487587e-06}], "9:71-72_415": [{"answer": "ويطيعون الله ورسوله", "rank": 1, "score": 0.9939051270484924}, {"answer": "ويطيعون الله ورسوله اولئك سيرحمهم الله", "rank": 2, "score": 0.005999327637255192}, {"answer": "ويطيعون الله ورسوله", "rank": 3, "score": 8.988783520180732e-06}, {"answer": "ورسوله", "rank": 4, "score": 3.214875960111385e-06}, {"answer": "ويطيعون الله ورسوله", "rank": 5, "score": 1.9094659364782274e-06}], "9:73-74_304": [{"answer": "الكفار والمنافقين", "rank": 1, "score": 0.9955894947052002}, {"answer": "الكفار", "rank": 2, "score": 0.00228830985724926}, {"answer": "الكفار والمنافقين", "rank": 3, "score": 0.00132046639919281}, {"answer": "جاهد الكفار والمنافقين", "rank": 4, "score": 0.0006165219820104539}, {"answer": "الكفار", "rank": 5, "score": 4.290507422410883e-05}], "9:90-96_313": [{"answer": "ورسوله", "rank": 1, "score": 1.536732270324137e-05}, {"answer": ". ليس علي الضعفاء ولا علي المرضي", "rank": 2, "score": 1.2820814845326822e-05}, {"answer": ".", "rank": 3, "score": 1.7121714108725428e-06}, {"answer": ". ليس علي الضعفاء", "rank": 4, "score": 1.0044566352007678e-06}, {"answer": ". ليس علي الضعفاء ولا علي المرضي", "rank": 5, "score": 7.106942803147831e-07}]}