{"104:1-9_107": [{"answer": "كلا لينبذن في الحطمه", "rank": 1, "score": 0.0346548929810524}, {"answer": "كلا لينبذن في الحطمه", "rank": 2, "score": 0.03115679882466793}, {"answer": "كلا لينبذن في الحطمه . وما ادراك ما الحطمه", "rank": 3, "score": 0.02734609879553318}, {"answer": "كلا لينبذن في الحطمه", "rank": 4, "score": 0.02128635160624981}, {"answer": "كلا لينبذن في", "rank": 5, "score": 0.013343892991542816}], "109:1-6_417": [{"answer": "لكم دينكم ولي دين", "rank": 1, "score": 0.10217302292585373}, {"answer": ". لكم دينكم ولي دين", "rank": 2, "score": 0.07387556880712509}, {"answer": "دينكم ولي دين", "rank": 3, "score": 0.03454568609595299}, {"answer": "دين", "rank": 4, "score": 0.030696062371134758}, {"answer": "لكم دينكم", "rank": 5, "score": 0.016565460711717606}], "10:107-109_417": [{"answer": "فمن اهتدي فانما يهتدي لنفسه", "rank": 1, "score": 0.024106211960315704}, {"answer": "فانما يهتدي لنفسه", "rank": 2, "score": 0.021536821499466896}, {"answer": "يهتدي لنفسه", "rank": 3, "score": 0.019576504826545715}, {"answer": "قد جاءكم الحق من ربكم فمن اهتدي فانما يهتدي لنفسه", "rank": 4, "score": 0.015094448812305927}, {"answer": "فمن اهتدي", "rank": 5, "score": 0.00951334647834301}], "10:65-70_149": [{"answer": "نذيقهم العذاب الشديد", "rank": 1, "score": 0.058476343750953674}, {"answer": "العذاب الشديد", "rank": 2, "score": 0.023535380139946938}, {"answer": "متاع في الدنيا ثم الينا مرجعهم", "rank": 3, "score": 0.022098181769251823}, {"answer": ". متاع في الدنيا ثم الينا مرجعهم", "rank": 4, "score": 0.016322817653417587}, {"answer": "الينا مرجعهم ثم نذيقهم العذاب الشديد", "rank": 5, "score": 0.016071362420916557}], "17:12-17_417": [{"answer": "وكل انسان الزمناه طائره في عنقه", "rank": 1, "score": 0.02546517364680767}, {"answer": "من اهتدي فانما يهتدي لنفسه", "rank": 2, "score": 0.016529686748981476}, {"answer": "من اهتدي فانما يهتدي لنفسه", "rank": 3, "score": 0.01128226425498724}, {"answer": ". من اهتدي فانما يهتدي لنفسه", "rank": 4, "score": 0.011130650527775288}, {"answer": "من اهتدي", "rank": 5, "score": 0.00975398626178503}], "17:22-30_313": [{"answer": "الرحمه", "rank": 1, "score": 0.0031045174691826105}, {"answer": ". واخفض لهما جناح الذل من الرحمه", "rank": 2, "score": 0.002644964959472418}, {"answer": "لهما جناح الذل من الرحمه", "rank": 3, "score": 0.0025227670557796955}, {"answer": "واخفض لهما جناح الذل من الرحمه", "rank": 4, "score": 0.0022469861432909966}, {"answer": "وقضي ربك الا تعبدوا الا اياه وبالوالدين احسانا", "rank": 5, "score": 0.0018322604009881616}], "17:31-35_400": [{"answer": "ولا تقتلوا اولادكم خشيه املاق نحن نرزقهم", "rank": 1, "score": 0.020170725882053375}, {"answer": "كبيرا", "rank": 2, "score": 0.01117049902677536}, {"answer": "كبيرا", "rank": 3, "score": 0.006879125256091356}, {"answer": "كبيرا", "rank": 4, "score": 0.00668164249509573}, {"answer": "واياكم ان قتلهم كان خطئا كبيرا", "rank": 5, "score": 0.006131307687610388}], "18:29-31_313": [{"answer": "فمن شاء فليؤمن ومن شاء فليكفر", "rank": 1, "score": 0.5377244353294373}, {"answer": "فمن شاء فليؤمن", "rank": 2, "score": 0.2337234616279602}, {"answer": "وقل الحق من ربكم فمن شاء فليؤمن ومن شاء فليكفر", "rank": 3, "score": 0.01625547558069229}, {"answer": "فمن شاء فليؤمن ومن شاء فليكفر", "rank": 4, "score": 0.013040666468441486}, {"answer": "فمن شاء", "rank": 5, "score": 0.010652991943061352}], "18:29-31_417": [{"answer": "فمن شاء فليؤمن ومن شاء فليكفر", "rank": 1, "score": 0.4070759117603302}, {"answer": "فمن شاء فليؤمن", "rank": 2, "score": 0.2593716084957123}, {"answer": "وقل الحق من ربكم فمن شاء فليؤمن ومن شاء فليكفر", "rank": 3, "score": 0.07211808860301971}, {"answer": "وقل الحق من ربكم فمن شاء فليؤمن", "rank": 4, "score": 0.04595060646533966}, {"answer": "فمن شاء فليؤمن ومن شاء فليكفر", "rank": 5, "score": 0.022182647138834}], "20:115-123_257": [{"answer": "ان هذا عدو لك ولزوجك فلا يخرجنكما من الجنه فتشقي", "rank": 1, "score": 0.04117438942193985}, {"answer": "فقلنا يا ادم ان هذا عدو لك ولزوجك", "rank": 2, "score": 0.03845647722482681}, {"answer": "ان هذا عدو لك ولزوجك", "rank": 3, "score": 0.02373453788459301}, {"answer": "هذا عدو لك ولزوجك فلا يخرجنكما من الجنه فتشقي", "rank": 4, "score": 0.02093622460961342}, {"answer": "هذا عدو لك ولزوجك", "rank": 5, "score": 0.012068463489413261}], "20:86-94_163": [{"answer": "فاخرج لهم عجلا جسدا له خوار", "rank": 1, "score": 0.03269965201616287}, {"answer": "عجلا جسدا له خوار", "rank": 2, "score": 0.02003294602036476}, {"answer": ". فاخرج لهم عجلا جسدا له خوار", "rank": 3, "score": 0.019422931596636772}, {"answer": "لهم عجلا جسدا له خوار", "rank": 4, "score": 0.016210438683629036}, {"answer": "خوار", "rank": 5, "score": 0.01579323038458824}], "20:95-98_163": [{"answer": "قال فما خطبك يا سامري", "rank": 1, "score": 0.27320441603660583}, {"answer": "سامري", "rank": 2, "score": 0.07787922024726868}, {"answer": "يا سامري", "rank": 3, "score": 0.035229358822107315}, {"answer": "فما خطبك يا سامري", "rank": 4, "score": 0.018462222069501877}, {"answer": "قال فما خطبك يا", "rank": 5, "score": 0.009897430427372456}], "22:30-37_313": [{"answer": "مسمي", "rank": 1, "score": 0.0020310680847615004}, {"answer": "ذلك ومن يعظم شعائر الله فانها من تقوي القلوب", "rank": 2, "score": 0.0018007768085226417}, {"answer": "ذلك ومن يعظم حرمات الله", "rank": 3, "score": 0.0017600535647943616}, {"answer": "القلوب . لكم فيها منافع الي اجل مسمي", "rank": 4, "score": 0.001722622662782669}, {"answer": "القلوب", "rank": 5, "score": 0.0017144392477348447}], "24:30-31_348": [{"answer": "قل للمؤمنين يغضوا من ابصارهم ويحفظوا فروجهم", "rank": 1, "score": 0.027634764090180397}, {"answer": "يغضوا من ابصارهم ويحفظوا فروجهم", "rank": 2, "score": 0.01535499282181263}, {"answer": "للمؤمنين يغضوا من ابصارهم ويحفظوا فروجهم", "rank": 3, "score": 0.01071247085928917}, {"answer": "قل للمؤمنين يغضوا من ابصارهم ويحفظوا فروجهم", "rank": 4, "score": 0.0075373537838459015}, {"answer": "يغضوا من ابصارهم ويحفظوا فروجهم ذلك ازكي لهم", "rank": 5, "score": 0.00562283955514431}], "24:46-54_415": [{"answer": "لقد انزلنا ايات مبينات والله يهدي من يشاء الي صراط مستقيم", "rank": 1, "score": 0.007634881883859634}, {"answer": "مستقيم", "rank": 2, "score": 0.005688156932592392}, {"answer": "بالمؤمنين", "rank": 3, "score": 0.004157899413257837}, {"answer": "صراط مستقيم", "rank": 4, "score": 0.0034063649363815784}, {"answer": "الي صراط مستقيم", "rank": 5, "score": 0.0032331636175513268}], "24:55-57_415": [{"answer": "وليمكنن لهم دينهم الذي ارتضي لهم", "rank": 1, "score": 0.026210570707917213}, {"answer": "واطيعوا الرسول", "rank": 2, "score": 0.017763052135705948}, {"answer": "واقيموا الصلاه واتوا الزكاه", "rank": 3, "score": 0.016629403457045555}, {"answer": "واقيموا الصلاه واتوا الزكاه واطيعوا الرسول", "rank": 4, "score": 0.014110499061644077}, {"answer": "لهم دينهم الذي ارتضي لهم", "rank": 5, "score": 0.011536003090441227}], "24:62-64_415": [{"answer": "الا ان لله ما في السماوات والارض", "rank": 1, "score": 0.018645571544766426}, {"answer": ". الا ان لله ما في السماوات والارض", "rank": 2, "score": 0.011376654729247093}, {"answer": "ان لله ما في السماوات والارض", "rank": 3, "score": 0.010797349736094475}, {"answer": "ما في السماوات والارض", "rank": 4, "score": 0.008643588051199913}, {"answer": "لله ما في السماوات والارض", "rank": 5, "score": 0.008154630661010742}], "25:45-55_304": [{"answer": "ويعبدون من دون الله ما لا ينفعهم ولا يضرهم", "rank": 1, "score": 0.009060858748853207}, {"answer": ". ويعبدون من دون الله ما لا ينفعهم ولا يضرهم", "rank": 2, "score": 0.0057947891764342785}, {"answer": "كبيرا", "rank": 3, "score": 0.005682977382093668}, {"answer": ". فلا تطع الكافرين وجاهدهم به جهادا كبيرا", "rank": 4, "score": 0.003585075493901968}, {"answer": "الكافرين وجاهدهم به جهادا كبيرا", "rank": 5, "score": 0.0030267215333878994}], "25:63-77_400": [{"answer": "الا من تاب وامن وعمل عملا صالحا", "rank": 1, "score": 0.008195136673748493}, {"answer": "اثاما", "rank": 2, "score": 0.004498395137488842}, {"answer": "الا من تاب وامن وعمل عملا صالحا", "rank": 3, "score": 0.0038997475057840347}, {"answer": "من تاب وامن وعمل عملا صالحا", "rank": 4, "score": 0.0033124322071671486}, {"answer": ". الا من تاب وامن وعمل عملا صالحا", "rank": 5, "score": 0.0030814516358077526}], "27:89-93_417": [{"answer": "وان اتلو القران فمن اهتدي فانما يهتدي لنفسه", "rank": 1, "score": 0.004313245415687561}, {"answer": "المسلمين", "rank": 2, "score": 0.00365567859262228}, {"answer": ". وان اتلو القران فمن اهتدي فانما يهتدي لنفسه", "rank": 3, "score": 0.0032087834551930428}, {"answer": "وان اتلو القران فمن اهتدي فانما يهتدي لنفسه", "rank": 4, "score": 0.002909289440140128}, {"answer": ". وان اتلو القران فمن اهتدي فانما يهتدي لنفسه", "rank": 5, "score": 0.002164328470826149}], "29:61-69_313": [{"answer": "يعلمون", "rank": 1, "score": 0.004265090450644493}, {"answer": "يشركون . ليكفروا بما اتيناهم وليتمتعوا فسوف يعلمون", "rank": 2, "score": 0.0032310523092746735}, {"answer": "ليكفروا بما اتيناهم وليتمتعوا فسوف يعلمون", "rank": 3, "score": 0.0027504675090312958}, {"answer": "يشركون . ليكفروا بما اتيناهم وليتمتعوا فسوف يعلمون", "rank": 4, "score": 0.0026826525572687387}, {"answer": "الله يبسط الرزق لمن يشاء من عباده ويقدر له", "rank": 5, "score": 0.002449802588671446}], "2:124-129_103": [{"answer": "ابراهيم واسماعيل", "rank": 1, "score": 0.3296631872653961}, {"answer": "الي ابراهيم واسماعيل", "rank": 2, "score": 0.1393723487854004}, {"answer": "واسماعيل", "rank": 3, "score": 0.04083853214979172}, {"answer": "ابراهيم", "rank": 4, "score": 0.019037514925003052}, {"answer": "ابراهيم واسماعيل", "rank": 5, "score": 0.01715404912829399}], "2:151-153_415": [{"answer": "كما ارسلنا فيكم رسولا", "rank": 1, "score": 0.025441253557801247}, {"answer": "كما ارسلنا فيكم رسولا منكم", "rank": 2, "score": 0.015353213995695114}, {"answer": "كما ارسلنا فيكم رسولا منكم", "rank": 3, "score": 0.007496634032577276}, {"answer": "كما", "rank": 4, "score": 0.006696706172078848}, {"answer": "كما ارسلنا فيكم", "rank": 5, "score": 0.0058703431859612465}], "2:178-179_313": [{"answer": "فمن عفي له من اخيه شيء فاتباع بالمعروف", "rank": 1, "score": 0.03600049763917923}, {"answer": "فمن عفي له من اخيه شيء", "rank": 2, "score": 0.02091032639145851}, {"answer": "عفي له من اخيه شيء فاتباع بالمعروف", "rank": 3, "score": 0.013121302239596844}, {"answer": "الحر بالحر والعبد بالعبد والانثي بالانثي", "rank": 4, "score": 0.012640800327062607}, {"answer": "عفي له من اخيه شيء", "rank": 5, "score": 0.007621303666383028}], "2:178-179_400": [{"answer": "الحر بالحر والعبد بالعبد والانثي بالانثي", "rank": 1, "score": 0.02599230594933033}, {"answer": "الحر بالحر والعبد بالعبد", "rank": 2, "score": 0.0077864849008619785}, {"answer": "القتلي الحر بالحر والعبد بالعبد", "rank": 3, "score": 0.007369515486061573}, {"answer": "فمن عفي له من اخيه شيء فاتباع بالمعروف", "rank": 4, "score": 0.007204220164567232}, {"answer": "كتب عليكم القصاص في القتلي الحر بالحر والعبد", "rank": 5, "score": 0.0053402394987642765}], "2:190-194_304": [{"answer": "وقاتلوا في سبيل الله الذين يقاتلونكم", "rank": 1, "score": 0.06394883990287781}, {"answer": "وقاتلوا في سبيل الله الذين يقاتلونكم", "rank": 2, "score": 0.02204079180955887}, {"answer": "وقاتلوا في سبيل الله الذين يقاتلونكم ولا تعتدوا", "rank": 3, "score": 0.015177813358604908}, {"answer": "وقاتلوا في سبيل الله الذين", "rank": 4, "score": 0.009716866537928581}, {"answer": "وقاتلوا في سبيل الله", "rank": 5, "score": 0.007709778379648924}], "2:190-194_400": [{"answer": "وقاتلوا في سبيل الله الذين يقاتلونكم ولا تعتدوا", "rank": 1, "score": 0.004975548945367336}, {"answer": ". الشهر الحرام بالشهر", "rank": 2, "score": 0.0031791753135621548}, {"answer": "وقاتلوا في سبيل الله الذين يقاتلونكم", "rank": 3, "score": 0.0029279773589223623}, {"answer": "الظالمين", "rank": 4, "score": 0.002573689678683877}, {"answer": "وقاتلوا في سبيل الله الذين يقاتلونكم ولا تعتدوا", "rank": 5, "score": 0.002105182269588113}], "2:228-230_313": [{"answer": ". الطلاق مرتان فامساك بمعروف او تسريح باحسان", "rank": 1, "score": 0.01665101945400238}, {"answer": "باحسان", "rank": 2, "score": 0.012378803454339504}, {"answer": "او تسريح باحسان", "rank": 3, "score": 0.011746395379304886}, {"answer": "ولهن مثل الذي عليهن بالمعروف", "rank": 4, "score": 0.007508879527449608}, {"answer": "باحسان", "rank": 5, "score": 0.0066423662938177586}], "2:233-233_132": [{"answer": "حولين كاملين", "rank": 1, "score": 0.2848380506038666}, {"answer": "والوالدات يرضعن اولادهن حولين كاملين", "rank": 2, "score": 0.26730942726135254}, {"answer": "يرضعن اولادهن حولين كاملين", "rank": 3, "score": 0.03703609108924866}, {"answer": "اولادهن حولين كاملين", "rank": 4, "score": 0.02135520428419113}, {"answer": "كاملين", "rank": 5, "score": 0.016597291454672813}], "2:234-237_313": [{"answer": "والذين يتوفون منكم ويذرون ازواجا", "rank": 1, "score": 0.010425322689116001}, {"answer": "والذين يتوفون منكم ويذرون ازواجا", "rank": 2, "score": 0.007699570618569851}, {"answer": "الذي بيده عقده النكاح", "rank": 3, "score": 0.0021051799412816763}, {"answer": "والذين", "rank": 4, "score": 0.001965179340913892}, {"answer": "والذين يتوفون منكم ويذرون", "rank": 5, "score": 0.0017548323376104236}], "2:243-245_400": [{"answer": "الم تر الي الذين خرجوا من ديارهم وهم الوف حذر الموت", "rank": 1, "score": 0.027774306014180183}, {"answer": "الناس", "rank": 2, "score": 0.011903276666998863}, {"answer": "الناس", "rank": 3, "score": 0.007226189132779837}, {"answer": "الي الذين خرجوا من ديارهم وهم الوف حذر الموت", "rank": 4, "score": 0.0067026992328464985}, {"answer": "ان الله لذو فضل علي الناس", "rank": 5, "score": 0.006397552322596312}], "2:256-257_417": [{"answer": "لا اكراه في الدين", "rank": 1, "score": 0.483186274766922}, {"answer": "لا اكراه في الدين قد تبين الرشد من الغي", "rank": 2, "score": 0.05542066693305969}, {"answer": "الدين", "rank": 3, "score": 0.020015941932797432}, {"answer": "اكراه في الدين", "rank": 4, "score": 0.019695164635777473}, {"answer": "لا اكراه", "rank": 5, "score": 0.013373462483286858}], "2:34-39_257": [{"answer": "وقلنا يا ادم", "rank": 1, "score": 0.006702937185764313}, {"answer": "وقلنا يا ادم اسكن انت وزوجك", "rank": 2, "score": 0.006333353463560343}, {"answer": "وقلنا يا ادم اسكن انت وزوجك الجنه", "rank": 3, "score": 0.0051594991236925125}, {"answer": "وقلنا", "rank": 4, "score": 0.004331011325120926}, {"answer": "فتلقي ادم من ربه", "rank": 5, "score": 0.004024679306894541}], "2:83-86_313": [{"answer": "دياركم", "rank": 1, "score": 0.043290264904499054}, {"answer": "لا تسفكون دماءكم ولا تخرجون انفسكم من دياركم", "rank": 2, "score": 0.04257940873503685}, {"answer": "انفسكم من دياركم", "rank": 3, "score": 0.02478650026023388}, {"answer": "ولا تخرجون انفسكم من دياركم", "rank": 4, "score": 0.018297674134373665}, {"answer": "دماءكم ولا تخرجون انفسكم من دياركم", "rank": 5, "score": 0.01715944893658161}], "31:12-19_132": [{"answer": "حملته امه وهنا علي وهن وفصاله في عامين", "rank": 1, "score": 0.03777627274394035}, {"answer": "حملته امه وهنا علي وهن", "rank": 2, "score": 0.037515122443437576}, {"answer": "في عامين", "rank": 3, "score": 0.02249857224524021}, {"answer": "حملته امه وهنا علي وهن وفصاله في عامين", "rank": 4, "score": 0.019490227103233337}, {"answer": "وهن وفصاله في عامين", "rank": 5, "score": 0.01901926100254059}], "33:21-24_415": [{"answer": "لقد كان لكم في رسول الله اسوه حسنه", "rank": 1, "score": 0.008359900675714016}, {"answer": "ينتظر وما بدلوا تبديلا", "rank": 2, "score": 0.0032798165921121836}, {"answer": "تبديلا", "rank": 3, "score": 0.0029108638409525156}, {"answer": "ينتظر", "rank": 4, "score": 0.002795532811433077}, {"answer": "لقد كان لكم في رسول الله", "rank": 5, "score": 0.00255980365909636}], "33:25-27_400": [{"answer": "ورد الله الذين كفروا بغيظهم لم ينالوا خيرا", "rank": 1, "score": 0.01493610255420208}, {"answer": "وكفي الله المؤمنين القتال", "rank": 2, "score": 0.006966773886233568}, {"answer": "ورد الله الذين كفروا بغيظهم لم ينالوا خيرا", "rank": 3, "score": 0.006299901288002729}, {"answer": "ورد الله الذين كفروا", "rank": 4, "score": 0.006081320811063051}, {"answer": "ورد الله الذين كفروا بغيظهم", "rank": 5, "score": 0.0048914141952991486}], "33:28-31_313": [{"answer": "وان كنتن تردن الله ورسوله والدار الاخره", "rank": 1, "score": 0.004518302623182535}, {"answer": "صالحا", "rank": 2, "score": 0.0032725147902965546}, {"answer": "كريما", "rank": 3, "score": 0.0028456919826567173}, {"answer": "وان كنتن تردن الله ورسوله والدار الاخره", "rank": 4, "score": 0.0028306490276008844}, {"answer": "يسيرا . ومن يقنت منكن لله ورسوله وتعمل صالحا", "rank": 5, "score": 0.002741313073784113}], "33:32-34_348": [{"answer": "واتين الزكاه واطعن الله ورسوله", "rank": 1, "score": 0.03995678201317787}, {"answer": "واتين الزكاه واطعن الله ورسوله", "rank": 2, "score": 0.018553199246525764}, {"answer": "وقرن في بيوتكن ولا تبرجن تبرج الجاهليه الاولي", "rank": 3, "score": 0.015415770001709461}, {"answer": "واقمن الصلاه واتين الزكاه واطعن الله ورسوله", "rank": 4, "score": 0.014768749475479126}, {"answer": "الزكاه واطعن الله ورسوله", "rank": 5, "score": 0.014178358018398285}], "33:36-40_415": [{"answer": "مبينا", "rank": 1, "score": 0.006800854112952948}, {"answer": "مبينا", "rank": 2, "score": 0.006088948808610439}, {"answer": "مبينا", "rank": 3, "score": 0.005381607450544834}, {"answer": "ضلالا مبينا", "rank": 4, "score": 0.003339143469929695}, {"answer": "ضلالا مبينا", "rank": 5, "score": 0.002951241796836257}], "33:53-55_348": [{"answer": "واذا سالتموهن متاعا فاسالوهن من وراء حجاب", "rank": 1, "score": 0.015974141657352448}, {"answer": "واذا سالتموهن متاعا فاسالوهن من وراء حجاب", "rank": 2, "score": 0.0069456398487091064}, {"answer": "ان ذلكم كان يؤذي النبي", "rank": 3, "score": 0.006023547612130642}, {"answer": "ذلكم كان يؤذي النبي", "rank": 4, "score": 0.005659553688019514}, {"answer": "سالتموهن متاعا فاسالوهن من وراء حجاب", "rank": 5, "score": 0.004011029843240976}], "33:56-59_348": [{"answer": "عليهن من جلابيبهن", "rank": 1, "score": 0.00786801427602768}, {"answer": "جلابيبهن", "rank": 2, "score": 0.007441231515258551}, {"answer": "يدنين عليهن من جلابيبهن", "rank": 3, "score": 0.0067789070308208466}, {"answer": "يا ايها النبي قل لازواجك وبناتك ونساء المؤمنين", "rank": 4, "score": 0.0051956502720713615}, {"answer": "عليهن من جلابيبهن", "rank": 5, "score": 0.004796991590410471}], "33:60-62_400": [{"answer": "لئن لم ينته المنافقون والذين في قلوبهم مرض", "rank": 1, "score": 0.025830494239926338}, {"answer": ". ملعونين اينما ثقفوا اخذوا وقتلوا تقتيلا", "rank": 2, "score": 0.007201240863651037}, {"answer": ". ملعونين اينما ثقفوا اخذوا وقتلوا تقتيلا", "rank": 3, "score": 0.0065192184410989285}, {"answer": "لئن", "rank": 4, "score": 0.005974122788757086}, {"answer": ". ملعونين اينما ثقفوا", "rank": 5, "score": 0.005894807167351246}], "33:69-71_415": [{"answer": "يا ايها الذين امنوا لا تكونوا كالذين اذوا موسي", "rank": 1, "score": 0.03757666051387787}, {"answer": "موسي", "rank": 2, "score": 0.014925092458724976}, {"answer": "لا تكونوا كالذين اذوا موسي", "rank": 3, "score": 0.011141850613057613}, {"answer": "يا ايها الذين امنوا لا تكونوا كالذين اذوا", "rank": 4, "score": 0.008080488070845604}, {"answer": "تكونوا كالذين اذوا موسي", "rank": 5, "score": 0.007565735839307308}], "39:11-20_373": [{"answer": "اكون اول المسلمين", "rank": 1, "score": 0.027733519673347473}, {"answer": "اول المسلمين", "rank": 2, "score": 0.0197080560028553}, {"answer": "المسلمين", "rank": 3, "score": 0.012848579324781895}, {"answer": ". وامرت لان اكون اول المسلمين", "rank": 4, "score": 0.008875199593603611}, {"answer": "وامرت لان اكون اول المسلمين", "rank": 5, "score": 0.007626393809914589}], "39:32-37_313": [{"answer": "والذي جاء بالصدق وصدق به اولئك هم المتقون", "rank": 1, "score": 0.047791488468647}, {"answer": ". والذي جاء بالصدق وصدق به اولئك هم المتقون", "rank": 2, "score": 0.013489298522472382}, {"answer": "المتقون", "rank": 3, "score": 0.011501850560307503}, {"answer": "اولئك هم المتقون", "rank": 4, "score": 0.005267465952783823}, {"answer": "والذي جاء بالصدق", "rank": 5, "score": 0.005239027552306652}], "39:38-41_417": [{"answer": "فمن اهتدي", "rank": 1, "score": 0.041522085666656494}, {"answer": "فمن اهتدي فلنفسه", "rank": 2, "score": 0.023496251553297043}, {"answer": "انا انزلنا عليك الكتاب للناس بالحق فمن اهتدي", "rank": 3, "score": 0.018747974187135696}, {"answer": "فمن اهتدي", "rank": 4, "score": 0.018736887723207474}, {"answer": "فمن اهتدي فلنفسه", "rank": 5, "score": 0.016687918454408646}], "39:9-10_313": [{"answer": "حساب", "rank": 1, "score": 0.05479242280125618}, {"answer": "يوفي الصابرون اجرهم بغير حساب", "rank": 2, "score": 0.016071273013949394}, {"answer": "اجرهم بغير حساب", "rank": 3, "score": 0.012729696929454803}, {"answer": "الصابرون اجرهم بغير حساب", "rank": 4, "score": 0.01132577657699585}, {"answer": "الصابرون اجرهم بغير حساب", "rank": 5, "score": 0.008087900467216969}], "3:130-136_415": [{"answer": "واطيعوا الله والرسول لعلكم ترحمون", "rank": 1, "score": 0.00448864558711648}, {"answer": ". واتقوا النار التي اعدت للكافرين", "rank": 2, "score": 0.004034207668155432}, {"answer": ". واتقوا النار التي اعدت للكافرين", "rank": 3, "score": 0.0035928606521338224}, {"answer": ". واطيعوا الله والرسول لعلكم ترحمون", "rank": 4, "score": 0.0030485240276902914}, {"answer": "ترحمون", "rank": 5, "score": 0.0017770150443539023}], "3:145-148_313": [{"answer": "فاتاهم الله ثواب الدنيا وحسن ثواب الاخره", "rank": 1, "score": 0.006021379493176937}, {"answer": "فاتاهم الله ثواب الدنيا وحسن ثواب الاخره", "rank": 2, "score": 0.004746517166495323}, {"answer": "الاخره", "rank": 3, "score": 0.0036540674045681953}, {"answer": "ثواب الدنيا وحسن ثواب الاخره", "rank": 4, "score": 0.0035824321676045656}, {"answer": "الكافرين . فاتاهم الله ثواب الدنيا وحسن ثواب الاخره", "rank": 5, "score": 0.0035011651925742626}], "3:164-165_415": [{"answer": "مبين", "rank": 1, "score": 0.03141516447067261}, {"answer": "ضلال مبين", "rank": 2, "score": 0.01722675748169422}, {"answer": "ضلال", "rank": 3, "score": 0.009255599230527878}, {"answer": "وان كانوا من قبل لفي ضلال مبين", "rank": 4, "score": 0.008588084951043129}, {"answer": "لفي ضلال مبين", "rank": 5, "score": 0.00723333889618516}], "3:169-175_313": [{"answer": "عظيم", "rank": 1, "score": 0.07797617465257645}, {"answer": "اجر عظيم", "rank": 2, "score": 0.012856338173151016}, {"answer": "واتقوا اجر عظيم", "rank": 3, "score": 0.007557701785117388}, {"answer": "منهم واتقوا اجر عظيم", "rank": 4, "score": 0.003651754930615425}, {"answer": "منهم واتقوا اجر عظيم", "rank": 5, "score": 0.002544919727370143}], "3:30-32_415": [{"answer": "قل اطيعوا الله والرسول", "rank": 1, "score": 0.06595045328140259}, {"answer": "اطيعوا الله والرسول", "rank": 2, "score": 0.04445594921708107}, {"answer": "قل اطيعوا الله والرسول", "rank": 3, "score": 0.021211493760347366}, {"answer": "قل اطيعوا الله والرسول فان تولوا", "rank": 4, "score": 0.01780625805258751}, {"answer": "اطيعوا الله والرسول", "rank": 5, "score": 0.014298265799880028}], "41:13-18_236": [{"answer": "عاد", "rank": 1, "score": 0.003349506761878729}, {"answer": "فاخذتهم صاعقه العذاب", "rank": 2, "score": 0.0029733171686530113}, {"answer": "واما ثمود فهديناهم فاستحبوا العمي علي الهدي", "rank": 3, "score": 0.0028644169215112925}, {"answer": "فان اعرضوا فقل انذرتكم صاعقه مثل صاعقه عاد", "rank": 4, "score": 0.002565789967775345}, {"answer": "صاعقه عاد", "rank": 5, "score": 0.0022871012333780527}], "41:33-36_313": [{"answer": "واما ينزغنك من الشيطان نزغ", "rank": 1, "score": 0.01835070736706257}, {"answer": "ممن دعا الي الله وعمل صالحا وقال انني من المسلمين", "rank": 2, "score": 0.012785427272319794}, {"answer": "واما ينزغنك من الشيطان", "rank": 3, "score": 0.012398540042340755}, {"answer": "واما ينزغنك من الشيطان نزغ", "rank": 4, "score": 0.010749002918601036}, {"answer": "ينزغنك من الشيطان نزغ", "rank": 5, "score": 0.010628022253513336}], "46:15-18_132": [{"answer": "ثلاثون شهرا", "rank": 1, "score": 0.5281394720077515}, {"answer": "ثلاثون شهرا", "rank": 2, "score": 0.10681144148111343}, {"answer": "وحمله وفصاله ثلاثون شهرا", "rank": 3, "score": 0.0300337765365839}, {"answer": "ثلاثون", "rank": 4, "score": 0.022497666999697685}, {"answer": "ثلاثون شهرا حتي اذا بلغ اشده وبلغ اربعين", "rank": 5, "score": 0.018649162724614143}], "46:15-18_313": [{"answer": "وصينا الانسان بوالديه احسانا", "rank": 1, "score": 0.013488953933119774}, {"answer": "الانسان بوالديه احسانا", "rank": 2, "score": 0.008379416540265083}, {"answer": "وصينا الانسان بوالديه", "rank": 3, "score": 0.006756911985576153}, {"answer": "وصينا الانسان", "rank": 4, "score": 0.005104605574160814}, {"answer": "وصينا الانسان بوالديه احسانا", "rank": 5, "score": 0.004863486159592867}], "46:21-25_236": [{"answer": ". تدمر كل شيء بامر ربها", "rank": 1, "score": 0.016324812546372414}, {"answer": "واذكر اخا عاد اذ انذر قومه بالاحقاف", "rank": 2, "score": 0.011064797639846802}, {"answer": ". تدمر", "rank": 3, "score": 0.009699704125523567}, {"answer": "واذكر اخا عاد", "rank": 4, "score": 0.009110203944146633}, {"answer": ".", "rank": 5, "score": 0.00854031927883625}], "47:1-6_304": [{"answer": "الذين كفروا وصدوا عن سبيل الله", "rank": 1, "score": 0.033409617841243744}, {"answer": "الذين كفروا وصدوا عن سبيل الله اضل اعمالهم", "rank": 2, "score": 0.0241205096244812}, {"answer": "الذين كفروا وصدوا عن سبيل الله اضل", "rank": 3, "score": 0.0054265037178993225}, {"answer": "الذين كفروا وصدوا عن سبيل", "rank": 4, "score": 0.004599799867719412}, {"answer": "الذين كفروا", "rank": 5, "score": 0.004225750453770161}], "47:1-6_400": [{"answer": "ببعض", "rank": 1, "score": 0.013199659995734692}, {"answer": "ببعض والذين قتلوا في سبيل الله", "rank": 2, "score": 0.00872716773301363}, {"answer": "الذين كفروا وصدوا عن سبيل الله اضل اعمالهم", "rank": 3, "score": 0.005605326499789953}, {"answer": "الذين كفروا وصدوا عن سبيل الله", "rank": 4, "score": 0.0052091809920966625}, {"answer": "ببعض والذين قتلوا في سبيل الله فلن يضل اعمالهم", "rank": 5, "score": 0.0047063580714166164}], "47:33-38_415": [{"answer": "يا ايها الذين امنوا اطيعوا الله واطيعوا الرسول", "rank": 1, "score": 0.006471771281212568}, {"answer": "وان تتولوا يستبدل قوما غيركم ثم لا يكونوا امثالكم", "rank": 2, "score": 0.0041110278107225895}, {"answer": ". فلا تهنوا وتدعوا الي السلم", "rank": 3, "score": 0.002560410415753722}, {"answer": "وان تتولوا يستبدل قوما غيركم", "rank": 4, "score": 0.0023835040628910065}, {"answer": "وان تتولوا يستبدل قوما غيركم ثم لا يكونوا امثالكم", "rank": 5, "score": 0.0022914879955351353}], "48:16-17_415": [{"answer": "فان تطيعوا يؤتكم الله اجرا حسنا", "rank": 1, "score": 0.011953002773225307}, {"answer": "فان تطيعوا يؤتكم الله اجرا حسنا", "rank": 2, "score": 0.007168534677475691}, {"answer": "تطيعوا يؤتكم الله اجرا حسنا", "rank": 3, "score": 0.005155158694833517}, {"answer": "قل للمخلفين من الاعراب", "rank": 4, "score": 0.0047877198085188866}, {"answer": "او يسلمون", "rank": 5, "score": 0.003409043652936816}], "49:6-8_415": [{"answer": "الراشدون", "rank": 1, "score": 0.004679746925830841}, {"answer": "والعصيان اولئك هم الراشدون", "rank": 2, "score": 0.003988347481936216}, {"answer": "وكره اليكم الكفر والفسوق والعصيان", "rank": 3, "score": 0.0037726988084614277}, {"answer": "والعصيان", "rank": 4, "score": 0.0034108359832316637}, {"answer": "والعصيان اولئك هم الراشدون", "rank": 5, "score": 0.003400561399757862}], "49:9-10_400": [{"answer": "وان طائفتان من المؤمنين اقتتلوا فاصلحوا بينهما", "rank": 1, "score": 0.02498588338494301}, {"answer": "فقاتلوا التي تبغي حتي تفيء الي امر الله", "rank": 2, "score": 0.014603106305003166}, {"answer": "الله", "rank": 3, "score": 0.010738900862634182}, {"answer": "الاخري فقاتلوا التي تبغي حتي تفيء الي امر الله", "rank": 4, "score": 0.0038059402722865343}, {"answer": "حتي تفيء الي امر الله", "rank": 5, "score": 0.0037691821344196796}], "4:12-14_415": [{"answer": "ولد", "rank": 1, "score": 0.006029779557138681}, {"answer": "دين ولهن الربع مما تركتم ان لم يكن لكم ولد", "rank": 2, "score": 0.001575446454808116}, {"answer": ". تلك حدود الله", "rank": 3, "score": 0.0014334555016830564}, {"answer": "ولكم نصف ما ترك ازواجكم ان لم يكن لهن ولد", "rank": 4, "score": 0.0013182427501305938}, {"answer": "تلك حدود الله", "rank": 5, "score": 0.001294461078941822}], "4:122-126_313": [{"answer": "ومن يعمل من الصالحات من ذكر او انثي", "rank": 1, "score": 0.02809908799827099}, {"answer": "ومن يعمل من الصالحات من ذكر او انثي وهو مؤمن", "rank": 2, "score": 0.025042420253157616}, {"answer": "ذكر او انثي", "rank": 3, "score": 0.018256068229675293}, {"answer": "ذكر او انثي وهو مؤمن", "rank": 4, "score": 0.016270142048597336}, {"answer": "ومن يعمل من الصالحات من ذكر او انثي", "rank": 5, "score": 0.013571970164775848}], "4:36-40_313": [{"answer": "واعبدوا الله ولا تشركوا به شيئا وبالوالدين احسانا", "rank": 1, "score": 0.008760938420891762}, {"answer": "واعبدوا الله ولا تشركوا به شيئا وبالوالدين احسانا", "rank": 2, "score": 0.004280549939721823}, {"answer": ". الذين يبخلون ويامرون الناس بالبخل", "rank": 3, "score": 0.0031612946186214685}, {"answer": "مهينا", "rank": 4, "score": 0.0026219456922262907}, {"answer": "الذين يبخلون ويامرون الناس بالبخل", "rank": 5, "score": 0.002275644103065133}], "4:58-59_415": [{"answer": "يا ايها الذين امنوا اطيعوا الله واطيعوا الرسول", "rank": 1, "score": 0.005203245673328638}, {"answer": "اطيعوا الله واطيعوا الرسول", "rank": 2, "score": 0.0048898970708251}, {"answer": "واذا حكمتم بين الناس ان تحكموا بالعدل", "rank": 3, "score": 0.0029492073226720095}, {"answer": "فان تنازعتم في شيء فردوه الي الله والرسول", "rank": 4, "score": 0.002836378524079919}, {"answer": "اطيعوا الله واطيعوا الرسول واولي الامر منكم", "rank": 5, "score": 0.0027885637246072292}], "4:64-65_415": [{"answer": "وما ارسلنا من رسول الا ليطاع باذن الله", "rank": 1, "score": 0.020276488736271858}, {"answer": "واستغفر لهم الرسول", "rank": 2, "score": 0.004686175379902124}, {"answer": "الرسول", "rank": 3, "score": 0.003875365247949958}, {"answer": "الله واستغفر لهم الرسول", "rank": 4, "score": 0.0031815713737159967}, {"answer": "وما ارسلنا من رسول", "rank": 5, "score": 0.003025664947926998}], "4:66-70_415": [{"answer": ". ولهديناهم صراطا مستقيما", "rank": 1, "score": 0.010684303939342499}, {"answer": "صراطا مستقيما", "rank": 2, "score": 0.006284965667873621}, {"answer": ". ولهديناهم صراطا مستقيما", "rank": 3, "score": 0.006234210915863514}, {"answer": "مستقيما", "rank": 4, "score": 0.0053213429637253284}, {"answer": "ولهديناهم صراطا مستقيما", "rank": 5, "score": 0.005119249690324068}], "4:74-76_400": [{"answer": "ومن يقاتل في سبيل الله فيقتل او يغلب فسوف نؤتيه اجرا عظيما", "rank": 1, "score": 0.0310225747525692}, {"answer": "عظيما", "rank": 2, "score": 0.029016772285103798}, {"answer": "ومن يقاتل في سبيل الله فيقتل او يغلب فسوف نؤتيه اجرا عظيما", "rank": 3, "score": 0.02004103548824787}, {"answer": "الذين يشرون الحياه الدنيا بالاخره", "rank": 4, "score": 0.018614210188388824}, {"answer": "عظيما", "rank": 5, "score": 0.01611170545220375}], "4:80-84_400": [{"answer": "من يطع الرسول فقد اطاع الله", "rank": 1, "score": 0.2005244344472885}, {"answer": "من يطع الرسول", "rank": 2, "score": 0.028647223487496376}, {"answer": "فقد اطاع الله", "rank": 3, "score": 0.016882630065083504}, {"answer": "اطاع الله", "rank": 4, "score": 0.008279358968138695}, {"answer": "يطع الرسول فقد اطاع الله", "rank": 5, "score": 0.007471208926290274}], "4:80-84_415": [{"answer": "من يطع الرسول فقد اطاع الله", "rank": 1, "score": 0.12505079805850983}, {"answer": "من يطع الرسول", "rank": 2, "score": 0.10106217116117477}, {"answer": "من يطع الرسول", "rank": 3, "score": 0.010542602278292179}, {"answer": "من يطع", "rank": 4, "score": 0.008641062304377556}, {"answer": "من يطع الرسول فقد اطاع", "rank": 5, "score": 0.008526954799890518}], "4:88-91_304": [{"answer": ". ستجدون اخرين يريدون ان يامنوكم ويامنوا قومهم", "rank": 1, "score": 0.005436984356492758}, {"answer": ". ستجدون اخرين يريدون ان يامنوكم ويامنوا قومهم", "rank": 2, "score": 0.002259782049804926}, {"answer": "ستجدون اخرين يريدون ان يامنوكم ويامنوا قومهم", "rank": 3, "score": 0.001523778773844242}, {"answer": "فان اعتزلوكم فلم يقاتلوكم والقوا اليكم السلم", "rank": 4, "score": 0.0010916937608271837}, {"answer": ". ستجدون اخرين يريدون", "rank": 5, "score": 0.0010754469549283385}], "4:88-91_400": [{"answer": "سبيلا", "rank": 1, "score": 0.004060791805386543}, {"answer": "سبيلا", "rank": 2, "score": 0.0038244116585701704}, {"answer": "سبيلا", "rank": 3, "score": 0.002736623166128993}, {"answer": "فان تولوا فخذوهم واقتلوهم حيث وجدتموهم", "rank": 4, "score": 0.002164902864024043}, {"answer": "الله", "rank": 5, "score": 0.002037685364484787}], "51:38-46_236": [{"answer": "وفي عاد اذ ارسلنا عليهم الريح العقيم", "rank": 1, "score": 0.041298966854810715}, {"answer": "العقيم", "rank": 2, "score": 0.038480885326862335}, {"answer": "عاد اذ ارسلنا عليهم الريح العقيم", "rank": 3, "score": 0.03546549007296562}, {"answer": "اذ ارسلنا عليهم الريح العقيم", "rank": 4, "score": 0.034060295671224594}, {"answer": "الريح العقيم", "rank": 5, "score": 0.02320209890604019}], "53:31-41_313": [{"answer": "الذين يجتنبون كبائر الاثم والفواحش الا اللمم", "rank": 1, "score": 0.019332081079483032}, {"answer": ". الذين يجتنبون كبائر الاثم والفواحش الا اللمم", "rank": 2, "score": 0.007942656986415386}, {"answer": "بالحسني . الذين يجتنبون كبائر الاثم والفواحش الا اللمم", "rank": 3, "score": 0.007338665425777435}, {"answer": "اللمم", "rank": 4, "score": 0.006536352913826704}, {"answer": "الذين احسنوا بالحسني", "rank": 5, "score": 0.005084754899144173}], "54:18-22_236": [{"answer": ". تنزع الناس كانهم اعجاز نخل منقعر", "rank": 1, "score": 0.0824185311794281}, {"answer": "تنزع الناس كانهم اعجاز نخل منقعر", "rank": 2, "score": 0.036913737654685974}, {"answer": ". تنزع الناس كانهم اعجاز نخل منقعر", "rank": 3, "score": 0.008528206497430801}, {"answer": "كذبت عاد", "rank": 4, "score": 0.007651589810848236}, {"answer": ". تنزع", "rank": 5, "score": 0.006299828644841909}], "58:12-13_415": [{"answer": "فاقيموا الصلاه واتوا الزكاه", "rank": 1, "score": 0.04535439983010292}, {"answer": "فاقيموا الصلاه واتوا الزكاه", "rank": 2, "score": 0.04044703394174576}, {"answer": "فاقيموا الصلاه واتوا الزكاه", "rank": 3, "score": 0.03338005393743515}, {"answer": "واطيعوا الله ورسوله", "rank": 4, "score": 0.025227056816220284}, {"answer": "ورسوله", "rank": 5, "score": 0.019797129556536674}], "59:6-7_415": [{"answer": "وما اتاكم الرسول فخذوه وما نهاكم عنه فانتهوا", "rank": 1, "score": 0.00927517656236887}, {"answer": "فخذوه وما نهاكم عنه فانتهوا", "rank": 2, "score": 0.006106949876993895}, {"answer": "فانتهوا", "rank": 3, "score": 0.006098846439272165}, {"answer": "فانتهوا", "rank": 4, "score": 0.004943353123962879}, {"answer": "السبيل", "rank": 5, "score": 0.004935180302709341}], "5:103-105_415": [{"answer": "واذا قيل لهم تعالوا الي ما انزل الله والي الرسول", "rank": 1, "score": 0.06381072103977203}, {"answer": ". واذا قيل لهم تعالوا الي ما انزل الله والي الرسول", "rank": 2, "score": 0.011507412418723106}, {"answer": "واذا قيل لهم تعالوا الي ما انزل الله والي الرسول", "rank": 3, "score": 0.009411966428160667}, {"answer": "الرسول", "rank": 4, "score": 0.0074989753775298595}, {"answer": "الرسول", "rank": 5, "score": 0.005949569866061211}], "5:12-13_313": [{"answer": "فمن كفر بعد ذلك منكم فقد ضل سواء السبيل", "rank": 1, "score": 0.014241378754377365}, {"answer": "فمن كفر بعد ذلك منكم فقد ضل سواء السبيل", "rank": 2, "score": 0.006320489104837179}, {"answer": "ضل سواء السبيل", "rank": 3, "score": 0.0061652325093746185}, {"answer": "السبيل", "rank": 4, "score": 0.005814549513161182}, {"answer": "فقد ضل سواء السبيل", "rank": 5, "score": 0.005394673906266689}], "5:32-34_400": [{"answer": "من قتل نفسا بغير نفس او فساد في الارض", "rank": 1, "score": 0.10692599415779114}, {"answer": "انه من قتل نفسا بغير نفس او فساد في الارض", "rank": 2, "score": 0.08843670785427094}, {"answer": "من قتل نفسا بغير نفس", "rank": 3, "score": 0.014772143214941025}, {"answer": "انه من قتل نفسا بغير نفس", "rank": 4, "score": 0.012217793613672256}, {"answer": "بني اسرائيل انه من قتل نفسا بغير نفس او فساد في الارض", "rank": 5, "score": 0.010376472026109695}], "5:44-47_351": [{"answer": "الكافرون", "rank": 1, "score": 0.00950463768094778}, {"answer": "الفاسقون", "rank": 2, "score": 0.007528660818934441}, {"answer": "ومن لم يحكم بما انزل الله فاولئك هم الكافرون", "rank": 3, "score": 0.00747857429087162}, {"answer": "ومن لم يحكم بما انزل الله فاولئك هم الكافرون", "rank": 4, "score": 0.005299519281834364}, {"answer": "الظالمون", "rank": 5, "score": 0.004660001024603844}], "5:82-86_313": [{"answer": "امنوا", "rank": 1, "score": 0.009639247320592403}, {"answer": "اشركوا ولتجدن اقربهم موده للذين امنوا", "rank": 2, "score": 0.005568545777350664}, {"answer": "اشركوا", "rank": 3, "score": 0.0036976842675358057}, {"answer": "ولتجدن اقربهم موده للذين امنوا", "rank": 4, "score": 0.0032423227094113827}, {"answer": "للذين امنوا اليهود والذين اشركوا", "rank": 5, "score": 0.0029760433826595545}], "5:90-93_415": [{"answer": "واطيعوا الله واطيعوا الرسول", "rank": 1, "score": 0.25116512179374695}, {"answer": "واطيعوا الرسول", "rank": 2, "score": 0.03148669749498367}, {"answer": ". واطيعوا الله واطيعوا الرسول", "rank": 3, "score": 0.021619237959384918}, {"answer": "واطيعوا الله واطيعوا الرسول واحذروا", "rank": 4, "score": 0.021579494699835777}, {"answer": "واطيعوا الله واطيعوا الرسول", "rank": 5, "score": 0.021221714094281197}], "64:11-13_415": [{"answer": "واطيعوا الله واطيعوا الرسول", "rank": 1, "score": 0.23434752225875854}, {"answer": "فان توليتم فانما علي رسولنا البلاغ المبين", "rank": 2, "score": 0.028358403593301773}, {"answer": "واطيعوا الرسول", "rank": 3, "score": 0.019464431330561638}, {"answer": "واطيعوا الله واطيعوا الرسول", "rank": 4, "score": 0.017228368669748306}, {"answer": "المبين", "rank": 5, "score": 0.014707537367939949}], "66:8-9_304": [{"answer": "يا ايها النبي جاهد الكفار والمنافقين", "rank": 1, "score": 0.04057382047176361}, {"answer": "النبي جاهد الكفار والمنافقين", "rank": 2, "score": 0.027224132791161537}, {"answer": "يا ايها النبي", "rank": 3, "score": 0.02566780522465706}, {"answer": "النبي جاهد الكفار والمنافقين واغلظ عليهم", "rank": 4, "score": 0.017949430271983147}, {"answer": "النبي", "rank": 5, "score": 0.017222529277205467}], "69:1-8_236": [{"answer": "واما عاد فاهلكوا بريح صرصر عاتيه", "rank": 1, "score": 0.038199931383132935}, {"answer": "واما عاد", "rank": 2, "score": 0.03103688359260559}, {"answer": "واما عاد فاهلكوا بريح صرصر عاتيه", "rank": 3, "score": 0.011607262305915356}, {"answer": "عاد فاهلكوا بريح صرصر عاتيه", "rank": 4, "score": 0.009205250069499016}, {"answer": "واما عاد فاهلكوا بريح صرصر", "rank": 5, "score": 0.008873166516423225}], "6:161-163_373": [{"answer": "وانا اول المسلمين", "rank": 1, "score": 0.036226071417331696}, {"answer": "وانا اول المسلمين", "rank": 2, "score": 0.03445890173316002}, {"answer": "اول المسلمين", "rank": 3, "score": 0.0144662419334054}, {"answer": "اول المسلمين", "rank": 4, "score": 0.013760553672909737}, {"answer": "المسلمين", "rank": 5, "score": 0.01220245473086834}], "73:15-19_386": [{"answer": ". فكيف تتقون ان كفرتم يوما يجعل الولدان شيبا", "rank": 1, "score": 0.013707480393350124}, {"answer": ". فكيف تتقون ان كفرتم يوما يجعل الولدان شيبا", "rank": 2, "score": 0.013352221809327602}, {"answer": ". ان هذه تذكره فمن شاء اتخذ الي ربه سبيلا", "rank": 3, "score": 0.009691673330962658}, {"answer": "ان هذه تذكره فمن شاء اتخذ الي ربه سبيلا", "rank": 4, "score": 0.00928527768701315}, {"answer": ". ان هذه تذكره فمن شاء اتخذ الي ربه سبيلا", "rank": 5, "score": 0.007193597964942455}], "7:157-158_415": [{"answer": "الذين", "rank": 1, "score": 0.01775342971086502}, {"answer": "الذين يتبعون", "rank": 2, "score": 0.010490928776562214}, {"answer": "الذين يتبعون", "rank": 3, "score": 0.00705904234200716}, {"answer": "الذين يتبعون الرسول", "rank": 4, "score": 0.006402431987226009}, {"answer": "الذين يتبعون الرسول النبي", "rank": 5, "score": 0.006055590230971575}], "7:19-25_257": [{"answer": "فوسوس لهما الشيطان", "rank": 1, "score": 0.01545310951769352}, {"answer": "ويا ادم", "rank": 2, "score": 0.011107582598924637}, {"answer": "ويا", "rank": 3, "score": 0.009203381836414337}, {"answer": "ويا ادم اسكن انت وزوجك", "rank": 4, "score": 0.006857771426439285}, {"answer": ". فوسوس لهما الشيطان", "rank": 5, "score": 0.00636895140632987}], "7:54-56_313": [{"answer": "ولا تفسدوا في الارض بعد اصلاحها وادعوه خوفا وطمعا", "rank": 1, "score": 0.025925636291503906}, {"answer": "ولا تفسدوا في الارض بعد اصلاحها", "rank": 2, "score": 0.014021040871739388}, {"answer": "ولا تفسدوا في الارض", "rank": 3, "score": 0.010082312859594822}, {"answer": "ولا تفسدوا في الارض بعد اصلاحها", "rank": 4, "score": 0.007231828756630421}, {"answer": "ولا تفسدوا في الارض بعد اصلاحها وادعوه خوفا وطمعا", "rank": 5, "score": 0.005321281962096691}], "8:20-26_415": [{"answer": ". ان شر الدواب عند الله الصم البكم الذين لا يعقلون", "rank": 1, "score": 0.005765650421380997}, {"answer": "يا ايها الذين امنوا", "rank": 2, "score": 0.004917989019304514}, {"answer": "ان شر الدواب عند الله الصم البكم الذين لا يعقلون", "rank": 3, "score": 0.004908754490315914}, {"answer": ". ان شر الدواب عند الله الصم البكم الذين لا يعقلون", "rank": 4, "score": 0.004343987908214331}, {"answer": "ان شر الدواب عند الله الصم البكم الذين لا يعقلون", "rank": 5, "score": 0.0036983806639909744}], "8:38-40_400": [{"answer": "قل للذين كفروا ان ينتهوا يغفر لهم ما قد سلف", "rank": 1, "score": 0.14070609211921692}, {"answer": "وقاتلوهم حتي لا تكون فتنه ويكون الدين كله لله", "rank": 2, "score": 0.013836043886840343}, {"answer": "قل للذين كفروا ان ينتهوا يغفر لهم ما قد", "rank": 3, "score": 0.013458763249218464}, {"answer": "للذين كفروا ان ينتهوا يغفر لهم ما قد سلف", "rank": 4, "score": 0.013263753615319729}, {"answer": "قل للذين كفروا ان ينتهوا يغفر لهم ما", "rank": 5, "score": 0.012372358702123165}], "8:62-66_304": [{"answer": "وان يريدوا ان يخدعوك", "rank": 1, "score": 0.01924631930887699}, {"answer": "فان حسبك الله هو الذي ايدك بنصره وبالمؤمنين", "rank": 2, "score": 0.00764231663197279}, {"answer": "يا ايها النبي حرض المؤمنين علي القتال", "rank": 3, "score": 0.007408056408166885}, {"answer": "حسبك الله هو الذي ايدك بنصره وبالمؤمنين", "rank": 4, "score": 0.007229185663163662}, {"answer": "وان يريدوا ان يخدعوك", "rank": 5, "score": 0.006300816778093576}], "9:1-6_304": [{"answer": "فاقتلوا المشركين حيث وجدتموهم وخذوهم", "rank": 1, "score": 0.008774909190833569}, {"answer": "فاقتلوا المشركين حيث وجدتموهم وخذوهم واحصروهم", "rank": 2, "score": 0.007913460955023766}, {"answer": "فاقتلوا المشركين حيث وجدتموهم", "rank": 3, "score": 0.007208683528006077}, {"answer": "براءه من الله ورسوله الي الذين عاهدتم من المشركين", "rank": 4, "score": 0.00712203374132514}, {"answer": "مرصد", "rank": 5, "score": 0.005247947759926319}], "9:1-6_400": [{"answer": "مرصد", "rank": 1, "score": 0.01011316105723381}, {"answer": "براءه من الله ورسوله الي الذين عاهدتم من المشركين", "rank": 2, "score": 0.008514736779034138}, {"answer": "فاقتلوا المشركين حيث وجدتموهم وخذوهم", "rank": 3, "score": 0.0030619327444583178}, {"answer": "وخذوهم واحصروهم واقعدوا لهم كل مرصد", "rank": 4, "score": 0.0026031758170574903}, {"answer": "فاقتلوا المشركين حيث وجدتموهم", "rank": 5, "score": 0.0021891563665121794}], "9:100-102_313": [{"answer": "والسابقون الاولون من المهاجرين والانصار", "rank": 1, "score": 0.030073067173361778}, {"answer": "والسابقون الاولون", "rank": 2, "score": 0.0059255193918943405}, {"answer": "عظيم", "rank": 3, "score": 0.003848652821034193}, {"answer": "والسابقون", "rank": 4, "score": 0.0029676659032702446}, {"answer": "والسابقون الاولون من المهاجرين والانصار", "rank": 5, "score": 0.0028774249367415905}], "9:117-121_313": [{"answer": "لقد", "rank": 1, "score": 0.011297996155917645}, {"answer": "لقد تاب", "rank": 2, "score": 0.01008942537009716}, {"answer": "لقد تاب الله", "rank": 3, "score": 0.008774385787546635}, {"answer": "لقد تاب الله علي", "rank": 4, "score": 0.004610841628164053}, {"answer": "لقد تاب الله علي النبي والمهاجرين والانصار", "rank": 5, "score": 0.0023311018012464046}], "9:12-16_400": [{"answer": "ينتهون", "rank": 1, "score": 0.009149942547082901}, {"answer": "وان نكثوا ايمانهم من بعد عهدهم وطعنوا في دينكم", "rank": 2, "score": 0.008097559213638306}, {"answer": "فقاتلوا ائمه الكفر انهم لا ايمان لهم لعلهم ينتهون", "rank": 3, "score": 0.00393189862370491}, {"answer": "وان", "rank": 4, "score": 0.0039008725434541702}, {"answer": "وان نكثوا ايمانهم من بعد عهدهم وطعنوا في دينكم", "rank": 5, "score": 0.0034197974018752575}], "9:122-123_400": [{"answer": "الدين", "rank": 1, "score": 0.041897766292095184}, {"answer": "ليتفقهوا في الدين", "rank": 2, "score": 0.023049788549542427}, {"answer": "طائفه ليتفقهوا في الدين", "rank": 3, "score": 0.009763413108885288}, {"answer": "في الدين", "rank": 4, "score": 0.00934714637696743}, {"answer": "الدين ولينذروا قومهم اذا رجعوا اليهم", "rank": 5, "score": 0.004386600106954575}], "9:28-29_400": [{"answer": "وان خفتم عيله فسوف يغنيكم الله من فضله", "rank": 1, "score": 0.01001223549246788}, {"answer": "يا ايها الذين امنوا انما المشركون نجس", "rank": 2, "score": 0.004580623935908079}, {"answer": "هذا وان خفتم عيله فسوف يغنيكم الله من فضله", "rank": 3, "score": 0.004300964530557394}, {"answer": "هذا", "rank": 4, "score": 0.0041322410106658936}, {"answer": "فلا يقربوا المسجد الحرام بعد عامهم هذا", "rank": 5, "score": 0.003927143290638924}], "9:36-37_400": [{"answer": "وقاتلوا المشركين كافه كما يقاتلونكم كافه", "rank": 1, "score": 0.018686292693018913}, {"answer": "انما النسيء زياده في الكفر", "rank": 2, "score": 0.012880523689091206}, {"answer": ". انما النسيء زياده في الكفر", "rank": 3, "score": 0.011694532819092274}, {"answer": "وقاتلوا المشركين كافه كما يقاتلونكم كافه", "rank": 4, "score": 0.010481021367013454}, {"answer": "انما النسيء زياده في الكفر يضل به الذين كفروا", "rank": 5, "score": 0.00839812308549881}], "9:60-61_316": [{"answer": "وابن السبيل", "rank": 1, "score": 0.06877350807189941}, {"answer": "وابن السبيل فريضه من الله", "rank": 2, "score": 0.06401928514242172}, {"answer": "وابن السبيل فريضه من الله والله عليم حكيم", "rank": 3, "score": 0.023343848064541817}, {"answer": "وفي سبيل الله", "rank": 4, "score": 0.012157644145190716}, {"answer": "السبيل", "rank": 5, "score": 0.011046160012483597}], "9:71-72_415": [{"answer": "اولئك سيرحمهم الله", "rank": 1, "score": 0.044175032526254654}, {"answer": "اولئك سيرحمهم", "rank": 2, "score": 0.02835741452872753}, {"answer": "ويطيعون الله ورسوله اولئك سيرحمهم الله", "rank": 3, "score": 0.023557111620903015}, {"answer": "ويطيعون الله ورسوله", "rank": 4, "score": 0.018653398379683495}, {"answer": "ويطيعون الله ورسوله اولئك سيرحمهم", "rank": 5, "score": 0.01512208953499794}], "9:73-74_304": [{"answer": "يا ايها النبي", "rank": 1, "score": 0.20096543431282043}, {"answer": "النبي", "rank": 2, "score": 0.1698770672082901}, {"answer": "يا ايها النبي جاهد الكفار والمنافقين", "rank": 3, "score": 0.06405792385339737}, {"answer": "النبي جاهد الكفار والمنافقين", "rank": 4, "score": 0.05414848029613495}, {"answer": "النبي جاهد الكفار والمنافقين واغلظ عليهم", "rank": 5, "score": 0.04205947369337082}], "9:90-96_313": [{"answer": "الضعفاء ولا علي المرضي", "rank": 1, "score": 0.04983558878302574}, {"answer": "علي الضعفاء ولا علي المرضي", "rank": 2, "score": 0.02396879903972149}, {"answer": "الضعفاء ولا علي المرضي ولا علي الذين لا يجدون ما ينفقون", "rank": 3, "score": 0.023589566349983215}, {"answer": "ولا علي المرضي", "rank": 4, "score": 0.018502207472920418}, {"answer": ". ليس علي الضعفاء ولا علي المرضي", "rank": 5, "score": 0.017943400889635086}]}