{"104:1-9_107": [{"answer": ". نار الله الموقده", "rank": 1, "score": 0.025126710534095764}, {"answer": "نار الله الموقده", "rank": 2, "score": 0.023629309609532356}], "109:1-6_417": [{"answer": "قل يا ايها الكافرون", "rank": 1, "score": 0.09129159897565842}, {"answer": "قل يا ايها الكافرون", "rank": 2, "score": 0.041829727590084076}], "10:107-109_417": [{"answer": "فمن اهتدي فانما يهتدي لنفسه ومن ضل فانما يضل عليها", "rank": 1, "score": 0.019405128434300423}, {"answer": "قل يا ايها الناس قد جاءكم الحق من ربكم", "rank": 2, "score": 0.017549866810441017}], "10:65-70_149": [{"answer": "اتخذ الله ولدا", "rank": 1, "score": 0.05656957998871803}, {"answer": "قالوا اتخذ الله ولدا", "rank": 2, "score": 0.05099552124738693}], "17:12-17_417": [{"answer": "من اهتدي فانما يهتدي لنفسه ومن ضل فانما يضل عليها", "rank": 1, "score": 0.03053848259150982}, {"answer": "وكل انسان الزمناه طائره في عنقه", "rank": 2, "score": 0.02454948239028454}], "17:22-30_313": [{"answer": "وبالوالدين احسانا", "rank": 1, "score": 0.10565159469842911}, {"answer": ". وقضي ربك الا تعبدوا الا اياه وبالوالدين احسانا", "rank": 2, "score": 0.055387917906045914}], "17:31-35_400": [{"answer": ". ولا تقتلوا النفس التي حرم الله الا بالحق", "rank": 1, "score": 0.027283476665616035}, {"answer": "ولا تقتلوا النفس التي حرم الله الا بالحق", "rank": 2, "score": 0.015400403179228306}], "18:29-31_313": [{"answer": "فمن شاء فليؤمن ومن شاء فليكفر", "rank": 1, "score": 0.08895265311002731}, {"answer": "ان الذين امنوا وعملوا الصالحات انا لا نضيع اجر من احسن عملا", "rank": 2, "score": 0.010814598761498928}], "18:29-31_417": [{"answer": "فمن شاء فليؤمن ومن شاء فليكفر", "rank": 1, "score": 0.6115912795066833}, {"answer": "فمن شاء فليؤمن ومن شاء فليكفر", "rank": 2, "score": 0.04381885007023811}], "20:115-123_257": [{"answer": "وعصي ادم ربه فغوي", "rank": 1, "score": 0.007681854534894228}, {"answer": "للملائكه اسجدوا لادم فسجدوا الا ابليس ابي", "rank": 2, "score": 0.00665519991889596}], "20:86-94_163": [{"answer": "السامري", "rank": 1, "score": 0.07197412103414536}, {"answer": "حملنا اوزارا من زينه القوم فقذفناها", "rank": 2, "score": 0.022049151360988617}], "20:95-98_163": [{"answer": "قال فما خطبك يا سامري", "rank": 1, "score": 0.019976986572146416}, {"answer": "قال فما خطبك يا سامري", "rank": 2, "score": 0.01815429888665676}], "22:30-37_313": [{"answer": "واحلت لكم الانعام الا ما يتلي", "rank": 1, "score": 0.02312442660331726}, {"answer": "واحلت لكم الانعام الا ما يتلي عليكم", "rank": 2, "score": 0.022990776225924492}], "24:30-31_348": [{"answer": "وليضربن بخمرهن علي جيوبهن", "rank": 1, "score": 0.12381286919116974}, {"answer": "وليضربن بخمرهن علي جيوبهن", "rank": 2, "score": 0.08250197023153305}], "24:46-54_415": [{"answer": "قل اطيعوا الله واطيعوا الرسول", "rank": 1, "score": 0.008610397577285767}, {"answer": "الرسول", "rank": 2, "score": 0.006187365856021643}], "24:55-57_415": [{"answer": ". واقيموا الصلاه واتوا الزكاه واطيعوا الرسول", "rank": 1, "score": 0.018214026466012}, {"answer": "امنا", "rank": 2, "score": 0.013157656416296959}], "24:62-64_415": [{"answer": "انما المؤمنون الذين امنوا بالله ورسوله", "rank": 1, "score": 0.2810191512107849}, {"answer": "بالله ورسوله", "rank": 2, "score": 0.0829755961894989}], "25:45-55_304": [{"answer": "وجاهدهم به جهادا كبيرا", "rank": 1, "score": 0.1868387758731842}, {"answer": "الكافرين وجاهدهم به جهادا كبيرا", "rank": 2, "score": 0.058735329657793045}], "25:63-77_400": [{"answer": "ومن يفعل ذلك يلق اثاما", "rank": 1, "score": 0.015956372022628784}, {"answer": "ومن يفعل ذلك يلق اثاما . يضاعف له العذاب يوم القيامه", "rank": 2, "score": 0.008709035813808441}], "27:89-93_417": [{"answer": "من جاء بالحسنه فله خير منها", "rank": 1, "score": 0.017420349642634392}, {"answer": "المسلمين", "rank": 2, "score": 0.007367316167801619}], "29:61-69_313": [{"answer": "وان الله لمع المحسنين", "rank": 1, "score": 0.015817144885659218}, {"answer": "لمع المحسنين", "rank": 2, "score": 0.01022553164511919}], "2:124-129_103": [{"answer": ". ربنا واجعلنا مسلمين لك ومن ذريتنا امه", "rank": 1, "score": 0.005788132548332214}, {"answer": ". ربنا واجعلنا مسلمين لك ومن ذريتنا", "rank": 2, "score": 0.0029321324545890093}], "2:151-153_415": [{"answer": "كما ارسلنا فيكم رسولا منكم", "rank": 1, "score": 0.09119226038455963}, {"answer": "كما ارسلنا فيكم رسولا", "rank": 2, "score": 0.019645286723971367}], "2:178-179_313": [{"answer": "فمن عفي له من اخيه شيء فاتباع بالمعروف واداء اليه باحسان", "rank": 1, "score": 0.19809851050376892}, {"answer": "فاتباع بالمعروف واداء اليه باحسان", "rank": 2, "score": 0.08793936669826508}], "2:178-179_400": [{"answer": "كتب عليكم القصاص في القتلي", "rank": 1, "score": 0.07763677090406418}, {"answer": "فمن عفي له من اخيه شيء فاتباع بالمعروف واداء اليه باحسان", "rank": 2, "score": 0.04301324859261513}], "2:190-194_304": [{"answer": "وقاتلوا في سبيل الله", "rank": 1, "score": 0.16557922959327698}, {"answer": "وقاتلوا في سبيل الله الذين يقاتلونكم ولا تعتدوا", "rank": 2, "score": 0.12285620719194412}], "2:190-194_400": [{"answer": ". الشهر الحرام بالشهر الحرام", "rank": 1, "score": 0.0537051260471344}, {"answer": ". الشهر الحرام بالشهر الحرام والحرمات قصاص", "rank": 2, "score": 0.049868300557136536}], "2:228-230_313": [{"answer": "الطلاق مرتان فامساك بمعروف او تسريح باحسان", "rank": 1, "score": 0.07930261641740799}, {"answer": ". الطلاق مرتان فامساك بمعروف او تسريح باحسان", "rank": 2, "score": 0.030832186341285706}], "2:233-233_132": [{"answer": "حولين كاملين", "rank": 1, "score": 0.8843997120857239}, {"answer": "حولين", "rank": 2, "score": 0.01556843239814043}], "2:234-237_313": [{"answer": "ومتعوهن علي الموسع قدره وعلي المقتر قدره متاعا بالمعروف", "rank": 1, "score": 0.06208054721355438}, {"answer": "ومتعوهن علي الموسع قدره وعلي المقتر قدره متاعا بالمعروف حقا علي المحسنين", "rank": 2, "score": 0.055117011070251465}], "2:243-245_400": [{"answer": "الموت", "rank": 1, "score": 0.010983762331306934}, {"answer": "الذين خرجوا من ديارهم وهم الوف حذر الموت", "rank": 2, "score": 0.010609605349600315}], "2:256-257_417": [{"answer": "الله ولي الذين امنوا يخرجهم من الظلمات الي النور", "rank": 1, "score": 0.06457561254501343}, {"answer": "فمن يكفر بالطاغوت ويؤمن بالله", "rank": 2, "score": 0.02549327351152897}], "2:34-39_257": [{"answer": "واذ قلنا للملائكه اسجدوا لادم", "rank": 1, "score": 0.020220747217535973}, {"answer": "واذ قلنا للملائكه اسجدوا لادم فسجدوا الا ابليس", "rank": 2, "score": 0.017816413193941116}], "2:83-86_313": [{"answer": "وبالوالدين احسانا وذي القربي واليتامي والمساكين", "rank": 1, "score": 0.027360543608665466}, {"answer": "وبالوالدين احسانا", "rank": 2, "score": 0.027302652597427368}], "31:12-19_132": [{"answer": "وفصاله في عامين", "rank": 1, "score": 0.11412148922681808}, {"answer": "وفصاله في عامين", "rank": 2, "score": 0.05566209554672241}], "33:21-24_415": [{"answer": "لقد كان لكم في رسول الله اسوه حسنه", "rank": 1, "score": 0.017384923994541168}, {"answer": "رسول الله اسوه حسنه لمن كان يرجو الله واليوم الاخر", "rank": 2, "score": 0.00819688756018877}], "33:25-27_400": [{"answer": ". وانزل الذين ظاهروهم من اهل الكتاب من صياصيهم", "rank": 1, "score": 0.03843510150909424}, {"answer": ". وانزل الذين ظاهروهم من اهل الكتاب من صياصيهم", "rank": 2, "score": 0.0369843989610672}], "33:28-31_313": [{"answer": "فان الله اعد للمحسنات منكن اجرا عظيما", "rank": 1, "score": 0.031785085797309875}, {"answer": "الله ورسوله والدار الاخره", "rank": 2, "score": 0.02143825963139534}], "33:32-34_348": [{"answer": ". وقرن في بيوتكن ولا تبرجن تبرج الجاهليه الاولي", "rank": 1, "score": 0.05761939287185669}, {"answer": "وقرن في بيوتكن ولا تبرجن تبرج الجاهليه الاولي", "rank": 2, "score": 0.022520318627357483}], "33:36-40_415": [{"answer": "ومن يعص الله ورسوله فقد ضل ضلالا مبينا", "rank": 1, "score": 0.02121037058532238}, {"answer": "وما كان لمؤمن ولا مؤمنه", "rank": 2, "score": 0.011290151625871658}], "33:53-55_348": [{"answer": "واذا سالتموهن متاعا فاسالوهن من وراء حجاب", "rank": 1, "score": 0.3115191161632538}, {"answer": "واذا سالتموهن متاعا فاسالوهن من وراء", "rank": 2, "score": 0.04988453537225723}], "33:56-59_348": [{"answer": "يدنين عليهن من جلابيبهن", "rank": 1, "score": 0.04103745147585869}, {"answer": "يدنين عليهن من جلابيبهن", "rank": 2, "score": 0.02858784608542919}], "33:60-62_400": [{"answer": "سنه الله في الذين خلوا من قبل", "rank": 1, "score": 0.16858454048633575}, {"answer": ". سنه الله في الذين خلوا من قبل", "rank": 2, "score": 0.07727240771055222}], "33:69-71_415": [{"answer": "ومن يطع الله ورسوله فقد فاز فوزا عظيما", "rank": 1, "score": 0.025515316054224968}, {"answer": "يا ايها الذين امنوا اتقوا الله", "rank": 2, "score": 0.014775346033275127}], "39:11-20_373": [{"answer": "اكون اول المسلمين", "rank": 1, "score": 0.11595600843429565}, {"answer": "وامرت لان اكون اول المسلمين", "rank": 2, "score": 0.11329776793718338}], "39:32-37_313": [{"answer": "ويجزيهم اجرهم باحسن الذي كانوا يعملون", "rank": 1, "score": 0.14816725254058838}, {"answer": "ويجزيهم اجرهم باحسن", "rank": 2, "score": 0.0765146017074585}], "39:38-41_417": [{"answer": "فمن اهتدي فلنفسه ومن ضل فانما يضل عليها", "rank": 1, "score": 0.12717515230178833}, {"answer": "بالحق فمن اهتدي فلنفسه ومن ضل فانما يضل عليها", "rank": 2, "score": 0.052141979336738586}], "39:9-10_313": [{"answer": "انما يوفي الصابرون اجرهم بغير حساب", "rank": 1, "score": 0.03154069185256958}, {"answer": "للذين احسنوا في هذه الدنيا حسنه وارض الله واسعه", "rank": 2, "score": 0.030837276950478554}], "3:130-136_415": [{"answer": "يا ايها الذين امنوا", "rank": 1, "score": 0.04653216525912285}, {"answer": ". واتقوا النار التي اعدت للكافرين . واطيعوا الله والرسول", "rank": 2, "score": 0.010294233448803425}], "3:145-148_313": [{"answer": "والله يحب المحسنين", "rank": 1, "score": 0.03437398374080658}, {"answer": "فاتاهم الله ثواب الدنيا وحسن ثواب الاخره والله يحب المحسنين", "rank": 2, "score": 0.029776401817798615}], "3:164-165_415": [{"answer": "لقد من الله علي المؤمنين اذ بعث فيهم رسولا من انفسهم", "rank": 1, "score": 0.11220601201057434}, {"answer": "لقد من الله علي المؤمنين اذ بعث فيهم رسولا", "rank": 2, "score": 0.02121981978416443}], "3:169-175_313": [{"answer": "الذين استجابوا لله والرسول من بعد ما اصابهم القرح", "rank": 1, "score": 0.04094479978084564}, {"answer": ". الذين استجابوا لله والرسول من بعد ما اصابهم القرح", "rank": 2, "score": 0.03592192754149437}], "3:30-32_415": [{"answer": ". قل ان كنتم تحبون الله فاتبعوني", "rank": 1, "score": 0.04081428050994873}, {"answer": ". قل اطيعوا الله والرسول", "rank": 2, "score": 0.026827825233340263}], "41:13-18_236": [{"answer": "فاما عاد فاستكبروا في الارض بغير الحق", "rank": 1, "score": 0.024127881973981857}, {"answer": "فاما عاد فاستكبروا في الارض بغير الحق", "rank": 2, "score": 0.016740508377552032}], "41:33-36_313": [{"answer": ". ولا تستوي الحسنه ولا السيئه ادفع بالتي هي احسن", "rank": 1, "score": 0.0700877457857132}, {"answer": ". ولا تستوي الحسنه ولا السيئه", "rank": 2, "score": 0.048395395278930664}], "46:15-18_132": [{"answer": "ثلاثون شهرا حتي اذا بلغ اشده وبلغ اربعين سنه", "rank": 1, "score": 0.15150177478790283}, {"answer": "اربعين سنه", "rank": 2, "score": 0.1275203675031662}], "46:15-18_313": [{"answer": "وصينا الانسان بوالديه احسانا", "rank": 1, "score": 0.07385950535535812}, {"answer": "وصينا الانسان بوالديه احسانا", "rank": 2, "score": 0.01885605789721012}], "46:21-25_236": [{"answer": "واذكر اخا عاد اذ انذر قومه بالاحقاف", "rank": 1, "score": 0.07079318165779114}, {"answer": "قومه بالاحقاف", "rank": 2, "score": 0.03863973170518875}], "47:1-6_304": [{"answer": "الذين كفروا وصدوا عن سبيل الله", "rank": 1, "score": 0.09569409489631653}, {"answer": "الذين كفروا وصدوا عن سبيل الله اضل اعمالهم .", "rank": 2, "score": 0.055354442447423935}], "47:1-6_400": [{"answer": "ويدخلهم الجنه", "rank": 1, "score": 0.02480085752904415}, {"answer": "ويدخلهم الجنه", "rank": 2, "score": 0.024782629683613777}], "47:33-38_415": [{"answer": "يا ايها الذين امنوا اطيعوا الله واطيعوا الرسول", "rank": 1, "score": 0.4681705832481384}, {"answer": "يا ايها الذين امنوا", "rank": 2, "score": 0.09696522355079651}], "48:16-17_415": [{"answer": "يسلمون", "rank": 1, "score": 0.05270271748304367}, {"answer": "فان تطيعوا يؤتكم الله اجرا حسنا", "rank": 2, "score": 0.04178520664572716}], "49:6-8_415": [{"answer": "يا ايها الذين امنوا", "rank": 1, "score": 0.10993587225675583}, {"answer": "يا ايها الذين امنوا ان جاءكم فاسق بنبا", "rank": 2, "score": 0.0842672660946846}], "49:9-10_400": [{"answer": "حتي تفيء الي امر الله", "rank": 1, "score": 0.11245308071374893}, {"answer": "الله", "rank": 2, "score": 0.048993729054927826}], "4:12-14_415": [{"answer": "ومن يطع الله ورسوله", "rank": 1, "score": 0.02056235633790493}, {"answer": ". تلك حدود الله", "rank": 2, "score": 0.019875260069966316}], "4:122-126_313": [{"answer": "اسلم وجهه لله وهو محسن", "rank": 1, "score": 0.08317497372627258}, {"answer": "اسلم وجهه لله وهو محسن واتبع مله ابراهيم حنيفا", "rank": 2, "score": 0.03506500646471977}], "4:36-40_313": [{"answer": "وبالوالدين احسانا", "rank": 1, "score": 0.2801746428012848}, {"answer": "واعبدوا الله ولا تشركوا به شيئا وبالوالدين احسانا", "rank": 2, "score": 0.14876018464565277}], "4:58-59_415": [{"answer": "يا ايها الذين امنوا اطيعوا الله واطيعوا الرسول", "rank": 1, "score": 0.026755962520837784}, {"answer": "يا ايها الذين امنوا", "rank": 2, "score": 0.02396894246339798}], "4:64-65_415": [{"answer": "لا يؤمنون حتي يحكموك فيما شجر بينهم", "rank": 1, "score": 0.050849732011556625}, {"answer": ". فلا وربك لا يؤمنون حتي يحكموك فيما شجر بينهم", "rank": 2, "score": 0.043495357036590576}], "4:66-70_415": [{"answer": "ومن يطع الله والرسول", "rank": 1, "score": 0.02690291404724121}, {"answer": ". ومن يطع الله والرسول", "rank": 2, "score": 0.009988736361265182}], "4:74-76_400": [{"answer": "فليقاتل في سبيل الله الذين يشرون الحياه الدنيا بالاخره", "rank": 1, "score": 0.03531908243894577}, {"answer": "فسوف نؤتيه اجرا عظيما", "rank": 2, "score": 0.014093090780079365}], "4:80-84_400": [{"answer": "من يطع الرسول فقد اطاع الله", "rank": 1, "score": 0.21026097238063812}, {"answer": "من يطع الرسول فقد اطاع الله ومن تولي", "rank": 2, "score": 0.018514441326260567}], "4:80-84_415": [{"answer": "من يطع الرسول فقد اطاع الله", "rank": 1, "score": 0.32342562079429626}, {"answer": "من يطع الرسول فقد اطاع الله ومن تولي", "rank": 2, "score": 0.03534791246056557}], "4:88-91_304": [{"answer": "يهاجروا في سبيل الله", "rank": 1, "score": 0.20086483657360077}, {"answer": "يهاجروا في سبيل", "rank": 2, "score": 0.06925985217094421}], "4:88-91_400": [{"answer": "فان تولوا فخذوهم واقتلوهم حيث وجدتموهم", "rank": 1, "score": 0.017902597784996033}, {"answer": "الله", "rank": 2, "score": 0.009061971679329872}], "51:38-46_236": [{"answer": "عاد اذ ارسلنا عليهم الريح العقيم", "rank": 1, "score": 0.027801156044006348}, {"answer": "وفي عاد اذ ارسلنا عليهم الريح العقيم", "rank": 2, "score": 0.02709999307990074}], "53:31-41_313": [{"answer": "ويجزي الذين احسنوا بالحسني", "rank": 1, "score": 0.12201759219169617}, {"answer": "بالحسني", "rank": 2, "score": 0.06276912242174149}], "54:18-22_236": [{"answer": "كذبت عاد", "rank": 1, "score": 0.2416214793920517}, {"answer": "كذبت عاد فكيف كان عذابي ونذر", "rank": 2, "score": 0.1501099020242691}], "58:12-13_415": [{"answer": "يا ايها الذين امنوا اذا ناجيتم الرسول", "rank": 1, "score": 0.24451088905334473}, {"answer": "يا ايها الذين امنوا", "rank": 2, "score": 0.043844595551490784}], "59:6-7_415": [{"answer": ". ما افاء الله علي رسوله من اهل القري", "rank": 1, "score": 0.06999556720256805}, {"answer": "رسوله من اهل القري", "rank": 2, "score": 0.04811829328536987}], "5:103-105_415": [{"answer": "واذا قيل لهم تعالوا الي ما انزل الله والي الرسول", "rank": 1, "score": 0.23805566132068634}, {"answer": ". واذا قيل لهم تعالوا الي ما انزل الله والي الرسول", "rank": 2, "score": 0.10246583074331284}], "5:12-13_313": [{"answer": "فاعف عنهم واصفح ان الله يحب المحسنين", "rank": 1, "score": 0.053824786096811295}, {"answer": "يحب المحسنين", "rank": 2, "score": 0.033883966505527496}], "5:32-34_400": [{"answer": "كتبنا علي بني اسرائيل انه من قتل نفسا بغير نفس او فساد في الارض", "rank": 1, "score": 0.15115714073181152}, {"answer": "انه من قتل نفسا بغير نفس او فساد في الارض", "rank": 2, "score": 0.058206815272569656}], "5:44-47_351": [{"answer": "الظالمون", "rank": 1, "score": 0.022279180586338043}, {"answer": "فمن تصدق به فهو كفاره له", "rank": 2, "score": 0.02218182198703289}], "5:82-86_313": [{"answer": "جنات تجري من تحتها الانهار خالدين فيها وذلك جزاء المحسنين", "rank": 1, "score": 0.05025350674986839}, {"answer": "جنات تجري من تحتها الانهار خالدين فيها", "rank": 2, "score": 0.048685215413570404}], "5:90-93_415": [{"answer": "ليس علي الذين امنوا وعملوا الصالحات جناح فيما طعموا", "rank": 1, "score": 0.024536332115530968}, {"answer": ". ليس علي الذين امنوا وعملوا الصالحات جناح فيما طعموا", "rank": 2, "score": 0.005432990845292807}], "64:11-13_415": [{"answer": ". واطيعوا الله واطيعوا الرسول", "rank": 1, "score": 0.0952393114566803}, {"answer": "واطيعوا الله واطيعوا الرسول", "rank": 2, "score": 0.0727926567196846}], "66:8-9_304": [{"answer": "جاهد الكفار والمنافقين", "rank": 1, "score": 0.10541460663080215}, {"answer": "يا ايها النبي جاهد الكفار والمنافقين", "rank": 2, "score": 0.10537485778331757}], "69:1-8_236": [{"answer": "بريح صرصر عاتيه", "rank": 1, "score": 0.10368066281080246}, {"answer": "بريح صرصر عاتيه", "rank": 2, "score": 0.08865450322628021}], "6:161-163_373": [{"answer": "وانا اول المسلمين", "rank": 1, "score": 0.2126874178647995}, {"answer": "وانا اول المسلمين .", "rank": 2, "score": 0.06236575171351433}], "73:15-19_386": [{"answer": "فرعون", "rank": 1, "score": 0.021264979615807533}, {"answer": "فمن شاء اتخذ الي ربه سبيلا", "rank": 2, "score": 0.017235783860087395}], "7:157-158_415": [{"answer": "الذين يتبعون الرسول", "rank": 1, "score": 0.008069509640336037}, {"answer": "الذين يتبعون الرسول النبي الامي", "rank": 2, "score": 0.007021063473075628}], "7:19-25_257": [{"answer": "ويا ادم اسكن انت وزوجك الجنه فكلا من حيث شئتما", "rank": 1, "score": 0.05762501806020737}, {"answer": "الجنه فكلا من حيث شئتما", "rank": 2, "score": 0.0316762812435627}], "7:54-56_313": [{"answer": "وادعوه خوفا وطمعا ان رحمت الله قريب من المحسنين", "rank": 1, "score": 0.02753276377916336}, {"answer": "ان رحمت الله قريب من المحسنين", "rank": 2, "score": 0.02059190534055233}], "8:20-26_415": [{"answer": "يا ايها الذين امنوا اطيعوا الله ورسوله", "rank": 1, "score": 0.1610780507326126}, {"answer": "يا ايها الذين امنوا اطيعوا الله ورسوله ولا تولوا عنه", "rank": 2, "score": 0.030042048543691635}], "8:38-40_400": [{"answer": "قل للذين كفروا ان ينتهوا يغفر لهم ما قد سلف", "rank": 1, "score": 0.3359973430633545}, {"answer": "للذين كفروا ان ينتهوا يغفر لهم ما قد سلف", "rank": 2, "score": 0.01960560865700245}], "8:62-66_304": [{"answer": "حرض المؤمنين علي القتال", "rank": 1, "score": 0.06363167613744736}, {"answer": "حرض المؤمنين علي القتال ان يكن منكم عشرون صابرون يغلبوا مائتين", "rank": 2, "score": 0.05121462047100067}], "9:1-6_304": [{"answer": "ورسوله فان تبتم فهو خير لكم", "rank": 1, "score": 0.006680821068584919}, {"answer": "فان تابوا واقاموا الصلاه واتوا الزكاه فخلوا سبيلهم", "rank": 2, "score": 0.00615329435095191}], "9:1-6_400": [{"answer": "فاذا انسلخ الاشهر الحرم", "rank": 1, "score": 0.016831034794449806}, {"answer": "فاذا انسلخ الاشهر الحرم فاقتلوا المشركين حيث وجدتموهم", "rank": 2, "score": 0.0076316106133162975}], "9:100-102_313": [{"answer": "واعد لهم جنات تجري تحتها الانهار", "rank": 1, "score": 0.08813311904668808}, {"answer": "واعد لهم جنات", "rank": 2, "score": 0.07453588396310806}], "9:117-121_313": [{"answer": "احسن ما كانوا يعملون", "rank": 1, "score": 0.011659739539027214}, {"answer": "كتب لهم به عمل صالح ان الله لا يضيع اجر المحسنين", "rank": 2, "score": 0.011155693791806698}], "9:12-16_400": [{"answer": "قوما نكثوا ايمانهم وهموا باخراج الرسول", "rank": 1, "score": 0.01809675432741642}, {"answer": "قاتلوهم يعذبهم الله بايديكم ويخزهم وينصركم عليهم", "rank": 2, "score": 0.011644790880382061}], "9:122-123_400": [{"answer": ". يا ايها الذين امنوا قاتلوا الذين يلونكم من الكفار", "rank": 1, "score": 0.18000270426273346}, {"answer": "يا ايها الذين امنوا قاتلوا الذين يلونكم من الكفار", "rank": 2, "score": 0.02505672536790371}], "9:28-29_400": [{"answer": "حتي يعطوا الجزيه", "rank": 1, "score": 0.05065012350678444}, {"answer": "حتي يعطوا الجزيه عن يد وهم صاغرون", "rank": 2, "score": 0.04288790374994278}], "9:36-37_400": [{"answer": "كفروا يحلونه عاما ويحرمونه عاما", "rank": 1, "score": 0.023323694244027138}, {"answer": "كفروا", "rank": 2, "score": 0.023006215691566467}], "9:60-61_316": [{"answer": "انما الصدقات للفقراء والمساكين", "rank": 1, "score": 0.14991147816181183}, {"answer": "انما الصدقات", "rank": 2, "score": 0.07282526791095734}], "9:71-72_415": [{"answer": "الله ورسوله", "rank": 1, "score": 0.10541550815105438}, {"answer": "ورسوله", "rank": 2, "score": 0.0511929877102375}], "9:73-74_304": [{"answer": "يا ايها النبي جاهد الكفار والمنافقين", "rank": 1, "score": 0.33347368240356445}, {"answer": "يا ايها النبي جاهد الكفار والمنافقين واغلظ عليهم", "rank": 2, "score": 0.1154371052980423}], "9:90-96_313": [{"answer": "ليس علي الضعفاء ولا علي المرضي ولا علي الذين لا يجدون ما ينفقون حرج", "rank": 1, "score": 0.016835782676935196}, {"answer": "ما علي المحسنين من سبيل", "rank": 2, "score": 0.011732851155102253}]}